id,status,rating,email,img,nickname,review,date,productId,handle,variant,verified_purchase,orderId,reply,replied_at,metaobject_handle,incentivized
kL5NDAgYTwM,Active,4,ling.z.31@outlook.com,,Ling Z.,works as expected,2024-11-29T00:00:00.000Z,9033053962580,monetized-tiktok-account,,true,,,,252ae7c55fa0e8a35df7f6ff3c8c1596-kL5NDAgYTwM,
5Fefnab8quu,Active,4,tariq.v.37@outlook.com,,Tariq V.,good!,2024-11-28T00:00:00.000Z,9033053962580,monetized-tiktok-account,,true,,,,252ae7c55fa0e8a35df7f6ff3c8c1596-5Fefnab8quu,
Uv_Rgu5q7F,Active,5,noah.h.84@yahoo.com,,Noah H.,as expected,2024-11-27T00:00:00.000Z,9033053962580,monetized-tiktok-account,,true,,,,252ae7c55fa0e8a35df7f6ff3c8c1596-Uv_Rgu5q7F,
jxrKt_bEgA9,Active,4,jun.k.69@hotmail.com,,Jun K.,my account hade even more than 10k followers,2024-11-27T00:00:00.000Z,9033053962580,monetized-tiktok-account,,true,,,,252ae7c55fa0e8a35df7f6ff3c8c1596-jxrKt_bEgA9,
LpVBpnfHBYi,Active,5,ava.q.14@hotmail.com,,Ava Q.,got my youtube account today & it's already making 💰. the course was solid too 🤝,2024-11-26T00:00:00.000Z,9658540425556,youtube,,true,,,,252ae7c55fa0e8a35df7f6ff3c8c1596-LpVBpnfHBYi,
zCvIS2WHvRM,Active,5,james.c.28@yahoo.com,,James C.,the course that is included is so key!,2024-11-26T00:00:00.000Z,9636190388564,tiktok-shop-affiliate-account,,true,,,,252ae7c55fa0e8a35df7f6ff3c8c1596-zCvIS2WHvRM,
oW_5Y6M0A8k,Active,5,ethan.k.44@hotmail.com,,Ethan K.,"already making money with shorts, money glitch",2024-11-24T00:00:00.000Z,9658540425556,youtube,,true,,,,252ae7c55fa0e8a35df7f6ff3c8c1596-oW_5Y6M0A8k,
Kwzh1Ud183U,Active,5,olivia.o.79@hotmail.com,,Olivia O.,growing like crazy rn,2024-11-22T00:00:00.000Z,9658540425556,youtube,,true,,,,252ae7c55fa0e8a35df7f6ff3c8c1596-Kwzh1Ud183U,
ebFYr4_c1Da,Active,5,zara.u.30@yahoo.com,,Zara U.,can not believe people are working normal jobs,2024-11-22T00:00:00.000Z,9636190388564,tiktok-shop-affiliate-account,,true,,,,252ae7c55fa0e8a35df7f6ff3c8c1596-ebFYr4_c1Da,
BobluJSv7_q,Active,4,priya.z.84@outlook.com,,Priya Z.,so happy I was able to pickup this account on the sale,2024-11-21T00:00:00.000Z,9033053962580,monetized-tiktok-account,,true,,,,252ae7c55fa0e8a35df7f6ff3c8c1596-BobluJSv7_q,
vh1gnBqp3cT,Active,5,mia.w.18@yahoo.com,,Mia W.,came with 10k followers,2024-11-20T00:00:00.000Z,9033053962580,monetized-tiktok-account,,true,,,,252ae7c55fa0e8a35df7f6ff3c8c1596-vh1gnBqp3cT,
Yx_2UMf2VxC,Active,5,ethan.e.36@gmail.com,,Ethan E.,selling to kids is too easy,2024-11-20T00:00:00.000Z,9636190388564,tiktok-shop-affiliate-account,,true,,,,252ae7c55fa0e8a35df7f6ff3c8c1596-Yx_2UMf2VxC,
4kRJ6VomMx1,Active,4,sophia.j.46@yahoo.com,,Sophia J.,"the course included was fire, thank you so much, almost too much value for the price",2024-11-20T00:00:00.000Z,9658540425556,youtube,,true,,,,252ae7c55fa0e8a35df7f6ff3c8c1596-4kRJ6VomMx1,
hzRYmc-PWV,Active,4,ibrahim.b.70@yahoo.com,,Ibrahim B.,"My account had even more than 10k followers, really wanted to grow it as much myself as possible but haha I should not complain",2024-11-20T00:00:00.000Z,9033053962580,monetized-tiktok-account,,true,,,,252ae7c55fa0e8a35df7f6ff3c8c1596-hzRYmc-PWV,
Eiu2iZH2epC,Active,4,kiran.j.61@outlook.com,,Kiran J.,can not believe it works outside the US its amazing,2024-11-19T00:00:00.000Z,9636190388564,tiktok-shop-affiliate-account,,true,,,,252ae7c55fa0e8a35df7f6ff3c8c1596-Eiu2iZH2epC,
WJ183JGQa7o,Active,4,ibrahim.v.32@outlook.com,,Ibrahim V.,"made back the money I invested in just 2 weeks, THANK YOU",2024-11-18T00:00:00.000Z,9636190388564,tiktok-shop-affiliate-account,,true,,,,252ae7c55fa0e8a35df7f6ff3c8c1596-WJ183JGQa7o,
2fY27N-g1Lj,Active,4,charlotte.g.63@outlook.com,,Charlotte G.,"legit have received 20+ free samples by using this account, crazy method for free stuff",2024-11-17T00:00:00.000Z,9636190388564,tiktok-shop-affiliate-account,,true,,,,252ae7c55fa0e8a35df7f6ff3c8c1596-2fY27N-g1Lj,
pcUSYmy3PJ,Active,5,zara.q.43@yahoo.com,,Zara Q.,worth every penny 💯,2024-11-15T00:00:00.000Z,9658540425556,youtube,,true,,,,252ae7c55fa0e8a35df7f6ff3c8c1596-pcUSYmy3PJ,
VaGXb0AtXG8,Active,4,mei.w.47@outlook.com,,Mei W.,"the real key to making money on youtube is rain videos, im telling you",2024-11-14T00:00:00.000Z,9658540425556,youtube,,true,,,,252ae7c55fa0e8a35df7f6ff3c8c1596-VaGXb0AtXG8,
ih7Mg8e_--z,Active,5,ethan.k.86@outlook.com,,Ethan K.,tysm,2024-11-13T00:00:00.000Z,9658540425556,youtube,,true,,,,252ae7c55fa0e8a35df7f6ff3c8c1596-ih7Mg8e_--z,
TEGwOtk28Yz,Active,5,mia.q.38@outlook.com,,Mia Q.,good rpm actually,2024-11-13T00:00:00.000Z,9033053962580,monetized-tiktok-account,,true,,,,252ae7c55fa0e8a35df7f6ff3c8c1596-TEGwOtk28Yz,
Q--KAyU9ODX,Active,4,sofia.v.62@hotmail.com,,Sofia V.,"once my first account made 1000$ I bought another one, compound baby",2024-11-13T00:00:00.000Z,9033053962580,monetized-tiktok-account,,true,,,,252ae7c55fa0e8a35df7f6ff3c8c1596-Q--KAyU9ODX,
57FsCCM5XV,Active,4,jun.q.61@outlook.com,,Jun Q.,as described,2024-11-13T00:00:00.000Z,9658540425556,youtube,,true,,,,252ae7c55fa0e8a35df7f6ff3c8c1596-57FsCCM5XV,
VN-bgGat2ox,Active,4,mason.x.48@outlook.com,,Mason X.,buy 3 accounts and the compund is crazy,2024-11-11T00:00:00.000Z,9636190388564,tiktok-shop-affiliate-account,,true,,,,252ae7c55fa0e8a35df7f6ff3c8c1596-VN-bgGat2ox,
l_BOxzTZBGD,Active,5,yuki.o.63@gmail.com,,Yuki O.,crazy value,2024-11-10T00:00:00.000Z,9658540425556,youtube,,true,,,,252ae7c55fa0e8a35df7f6ff3c8c1596-l_BOxzTZBGD,
6LxzDTXlxbB,Active,4,leila.t.50@outlook.com,,Leila T.,"Making average belgian wage from selling to kids, thanks",2024-11-09T00:00:00.000Z,9636190388564,tiktok-shop-affiliate-account,,true,,,,252ae7c55fa0e8a35df7f6ff3c8c1596-6LxzDTXlxbB,
UPqnZss6KXh,Active,5,elijah.f.55@hotmail.com,,Elijah F.,my account's already earning,2024-11-08T00:00:00.000Z,9636190388564,tiktok-shop-affiliate-account,,true,,,,252ae7c55fa0e8a35df7f6ff3c8c1596-UPqnZss6KXh,
cXlM0Ahii2J,Active,4,akio.n.18@outlook.com,,Akio N.,finally a method that works for people outside of the US,2024-11-08T00:00:00.000Z,9636190388564,tiktok-shop-affiliate-account,,true,,,,252ae7c55fa0e8a35df7f6ff3c8c1596-cXlM0Ahii2J,
nFGFPVGS3ds,Active,4,dara.v.95@yahoo.com,,Dara V.,"have tried reaching 10k followers before but it is impossible, finally I can earn money on tiktok",2024-11-07T00:00:00.000Z,9033053962580,monetized-tiktok-account,,true,,,,252ae7c55fa0e8a35df7f6ff3c8c1596-nFGFPVGS3ds,
oWVPPEwG0Mj,Active,5,ava.u.20@hotmail.com,,Ava U.,finally I can do this from norway,2024-11-06T00:00:00.000Z,9636190388564,tiktok-shop-affiliate-account,,true,,,,252ae7c55fa0e8a35df7f6ff3c8c1596-oWVPPEwG0Mj,
j4KaPl3dfgN,Active,4,haruto.n.10@outlook.com,,Haruto N.,starting my yt shorts empire today!,2024-11-06T00:00:00.000Z,9658540425556,youtube,,true,,,,252ae7c55fa0e8a35df7f6ff3c8c1596-j4KaPl3dfgN,
uKHD0lu95O,Active,4,aarav.z.99@yahoo.com,,Aarav Z.,"Have read that people have received accounts with even more than 10k followers, guess they were lucky",2024-11-06T00:00:00.000Z,9033053962580,monetized-tiktok-account,,true,,,,252ae7c55fa0e8a35df7f6ff3c8c1596-uKHD0lu95O,
ywx2-7mbkiw,Active,4,kiran.g.42@yahoo.com,,Kiran G.,"thank you, now I don't have to put in weeks to be accepted into the affiliate program",2024-11-05T00:00:00.000Z,9636190388564,tiktok-shop-affiliate-account,,true,,,,252ae7c55fa0e8a35df7f6ff3c8c1596-ywx2-7mbkiw,
l-Es0_2GW4f,Active,5,yuki.l.28@outlook.com,,Yuki L.,best purchase,2024-11-04T00:00:00.000Z,9033053962580,monetized-tiktok-account,,true,,,,252ae7c55fa0e8a35df7f6ff3c8c1596-l-Es0_2GW4f,
cj7RDc_6uPZ,Active,4,naomi.q.24@hotmail.com,,Naomi Q.,love from sweden,2024-11-04T00:00:00.000Z,9658540425556,youtube,,true,,,,252ae7c55fa0e8a35df7f6ff3c8c1596-cj7RDc_6uPZ,
C5_GZlOEMN,Active,5,dylan.i.51@outlook.com,,Dylan I.,"got the account, more then 10k followers, just need to read the niche list included and start from there",2024-11-03T00:00:00.000Z,9033053962580,monetized-tiktok-account,,true,,,,252ae7c55fa0e8a35df7f6ff3c8c1596-C5_GZlOEMN,
hNm-z4UTJFJ,Active,4,amara.x.50@hotmail.com,,Amara X.,"its so nice to not have to grind to 1k followers, followers",2024-11-03T00:00:00.000Z,9636190388564,tiktok-shop-affiliate-account,,true,,,,252ae7c55fa0e8a35df7f6ff3c8c1596-hNm-z4UTJFJ,
xY1aAg0XNyY,Active,5,mateo.v.18@gmail.com,,Mateo V.,"making money from tokky but also selling my own product via the trafic, im ballin right now",2024-11-02T00:00:00.000Z,9033053962580,monetized-tiktok-account,,true,,,,252ae7c55fa0e8a35df7f6ff3c8c1596-xY1aAg0XNyY,
id4sQezTRho,Active,4,olivia.d.86@hotmail.com,,Olivia D.,connected my paypal and got my first payment,2024-11-01T00:00:00.000Z,9636190388564,tiktok-shop-affiliate-account,,true,,,,252ae7c55fa0e8a35df7f6ff3c8c1596-id4sQezTRho,
2v4Q1khkHLn,Active,5,ibrahim.v.32@outlook.com,https://images.loox.io/uploads/2024/12/1/dWd2eorD8.jpg,Ibrahim V.,"I have oficially made back the money I invested into this account, will buy another one with the money and then repeat the loop",2024-11-01T00:00:00.000Z,9033053962580,monetized-tiktok-account,,true,,,,252ae7c55fa0e8a35df7f6ff3c8c1596-2v4Q1khkHLn,
dBLdkI55Xba,Active,5,ava.a.14@gmail.com,https://images.loox.io/uploads/2024/12/1/pHaHeSI4V.jpg,Ava A.,"The accounts are so good, RPM of 2,41 USD is just nuts",2024-11-01T00:00:00.000Z,9033053962580,monetized-tiktok-account,,true,,,,252ae7c55fa0e8a35df7f6ff3c8c1596-dBLdkI55Xba,
jOf9Nmu9vF7,Active,4,ravi.f.84@hotmail.com,,Ravi F.,have bought from other sites but they all were botted. this one actually is legit,2024-10-31T00:00:00.000Z,9658540425556,youtube,,true,,,,252ae7c55fa0e8a35df7f6ff3c8c1596-jOf9Nmu9vF7,
FQhS0bABvuC,Active,4,dara.k.13@yahoo.com,,Dara K.,only good provider of theese accounts,2024-10-30T00:00:00.000Z,9658540425556,youtube,,true,,,,252ae7c55fa0e8a35df7f6ff3c8c1596-FQhS0bABvuC,
1HO_gQIJhuB,Active,4,jun.q.61@outlook.com,,Jun Q.,great that you recieve US e-sim included,2024-10-29T00:00:00.000Z,9033053962580,monetized-tiktok-account,,true,,,,252ae7c55fa0e8a35df7f6ff3c8c1596-1HO_gQIJhuB,
K0gihUBOVZn,Active,4,isabella.y.45@hotmail.com,,Isabella Y.,monetized right away with good rpm,2024-10-28T00:00:00.000Z,9033053962580,monetized-tiktok-account,,true,,,,252ae7c55fa0e8a35df7f6ff3c8c1596-K0gihUBOVZn,
nvun_IVAVSG,Active,4,hana.m.52@hotmail.com,,Hana M.,quick and easy setup,2024-10-26T00:00:00.000Z,9033053962580,monetized-tiktok-account,,true,,,,252ae7c55fa0e8a35df7f6ff3c8c1596-nvun_IVAVSG,
hs5odUcSFdQ,Active,5,yuki.m.15@yahoo.com,,Yuki M.,printing money like jerome powell,2024-10-25T00:00:00.000Z,9033053962580,monetized-tiktok-account,,true,,,,252ae7c55fa0e8a35df7f6ff3c8c1596-hs5odUcSFdQ,
VhCueDVH03S,Active,5,william.q.74@yahoo.com,,William Q.,the course makes it so easy,2024-10-25T00:00:00.000Z,9636190388564,tiktok-shop-affiliate-account,,true,,,,252ae7c55fa0e8a35df7f6ff3c8c1596-VhCueDVH03S,
ZjGrGUN6Fo,Active,4,hana.o.54@hotmail.com,,Hana O.,now I just need to find a good product to start selling,2024-10-25T00:00:00.000Z,9636190388564,tiktok-shop-affiliate-account,,true,,,,252ae7c55fa0e8a35df7f6ff3c8c1596-ZjGrGUN6Fo,
dbZGM0E3tdE,Active,5,mei.w.47@outlook.com,https://images.loox.io/uploads/2024/12/1/M6rDd--kp6d.jpg,Mei W.,"The channel was solid, 1k subs and organically grown as promised now look at what I have acheived since buying it, it's actually crazy",2024-10-25T00:00:00.000Z,9658540425556,youtube,,true,,,,252ae7c55fa0e8a35df7f6ff3c8c1596-dbZGM0E3tdE,
HIuIa5Ys82z,Active,5,ethan.a.99@hotmail.com,https://images.loox.io/uploads/2024/12/1/EFNkFX6vQl.jpg,Ethan A.,"Fast delivery, no bots works fantastic. No problems with payments also and I am not even based in the US",2024-10-25T00:00:00.000Z,9033053962580,monetized-tiktok-account,,true,,,,252ae7c55fa0e8a35df7f6ff3c8c1596-HIuIa5Ys82z,
ISk2G-Fah4t,Active,4,ayaka.h.13@outlook.com,,Ayaka H.,can not believe it worked good rpm also,2024-10-24T00:00:00.000Z,9033053962580,monetized-tiktok-account,,true,,,,252ae7c55fa0e8a35df7f6ff3c8c1596-ISk2G-Fah4t,
ntXArI6h3n,Active,5,mia.x.67@hotmail.com,,Mia X.,came with everything promised,2024-10-23T00:00:00.000Z,9033053962580,monetized-tiktok-account,,true,,,,252ae7c55fa0e8a35df7f6ff3c8c1596-ntXArI6h3n,
vm1BV1pels3,Active,5,isabella.h.41@gmail.com,,Isabella H.,my childhood dream of becoming a youtuber finally is true,2024-10-23T00:00:00.000Z,9658540425556,youtube,,true,,,,252ae7c55fa0e8a35df7f6ff3c8c1596-vm1BV1pels3,
L1aRCgmPnLP,Active,4,hana.o.54@hotmail.com,,Hana O.,works like a charm,2024-10-23T00:00:00.000Z,9658540425556,youtube,,true,,,,252ae7c55fa0e8a35df7f6ff3c8c1596-L1aRCgmPnLP,
gKYwM_yh82k,Active,5,zara.z.72@hotmail.com,,Zara Z.,"made my first vid today, wish me luck",2024-10-22T00:00:00.000Z,9636190388564,tiktok-shop-affiliate-account,,true,,,,252ae7c55fa0e8a35df7f6ff3c8c1596-gKYwM_yh82k,
iyUum-931hj,Active,4,ibrahim.b.70@yahoo.com,,Ibrahim B.,the e-sim works very well,2024-10-22T00:00:00.000Z,9033053962580,monetized-tiktok-account,,true,,,,252ae7c55fa0e8a35df7f6ff3c8c1596-iyUum-931hj,
ZgNJ3ZGK0Z,Active,4,aarav.z.32@hotmail.com,,Aarav Z.,"Everything is perfect, just a bit more work than I anticipated making all the vids",2024-10-22T00:00:00.000Z,9033053962580,monetized-tiktok-account,,true,,,,252ae7c55fa0e8a35df7f6ff3c8c1596-ZgNJ3ZGK0Z,
l2JTmeBWnlC,Active,5,noah.d.26@hotmail.com,,Noah D.,yapping for a living nowdays hbu?,2024-10-20T00:00:00.000Z,9658540425556,youtube,,true,,,,252ae7c55fa0e8a35df7f6ff3c8c1596-l2JTmeBWnlC,
VET7jdCWQYr,Active,5,dylan.b.76@yahoo.com,,Dylan B.,should be illegal to earn money this easy,2024-10-20T00:00:00.000Z,9636190388564,tiktok-shop-affiliate-account,,true,,,,252ae7c55fa0e8a35df7f6ff3c8c1596-VET7jdCWQYr,
j1bB9HK3Ok2,Active,5,levi.p.95@hotmail.com,,Levi P.,they ain't lying,2024-10-20T00:00:00.000Z,9658540425556,youtube,,true,,,,252ae7c55fa0e8a35df7f6ff3c8c1596-j1bB9HK3Ok2,
4yxooQhhKPu,Active,4,aarav.z.99@yahoo.com,,Aarav Z.,actually get us audience with the e-sim provided even tough I am not from US,2024-10-20T00:00:00.000Z,9033053962580,monetized-tiktok-account,,true,,,,252ae7c55fa0e8a35df7f6ff3c8c1596-4yxooQhhKPu,
rM6bD5OsR7J,Active,5,levi.w.16@hotmail.com,,Levi W.,"getting paid to spread brainrot shorts, dream job fr",2024-10-19T00:00:00.000Z,9658540425556,youtube,,true,,,,252ae7c55fa0e8a35df7f6ff3c8c1596-rM6bD5OsR7J,
ZsWhev86xI,Active,5,levi.t.87@yahoo.com,,Levi T.,"just connected my paypal, the payout is in transit!",2024-10-19T00:00:00.000Z,9658540425556,youtube,,true,,,,252ae7c55fa0e8a35df7f6ff3c8c1596-ZsWhev86xI,
XUb3dy6D-5c,Active,4,nikita.x.41@hotmail.com,,Nikita X.,best account store on the internet,2024-10-19T00:00:00.000Z,9033053962580,monetized-tiktok-account,,true,,,,252ae7c55fa0e8a35df7f6ff3c8c1596-XUb3dy6D-5c,
kwAcr8J-qR,Active,4,liam.f.52@hotmail.com,,Liam F.,"Works well, e-sim instalation was a bit hard but they included a nice guide on how to do it so when I realized that it was easy really",2024-10-19T00:00:00.000Z,9636190388564,tiktok-shop-affiliate-account,,true,,,,252ae7c55fa0e8a35df7f6ff3c8c1596-kwAcr8J-qR,
W4Q0ScqrLD6,Active,5,sofia.v.62@hotmail.com,https://images.loox.io/uploads/2024/12/1/chcZYxxvLuE.jpg,Sofia V.,"Bought the account, binged the course included and got my hands dirty and started. Less than 5 vids in and I have already got 800k views im so stocked! ",2024-10-18T00:00:00.000Z,9658540425556,youtube,,true,,,,252ae7c55fa0e8a35df7f6ff3c8c1596-W4Q0ScqrLD6,
xMe1g1mI8DH,Active,4,liam.f.52@hotmail.com,,Liam F.,easily the best account you can but,2024-10-17T00:00:00.000Z,9636190388564,tiktok-shop-affiliate-account,,true,,,,252ae7c55fa0e8a35df7f6ff3c8c1596-xMe1g1mI8DH,
4T7y0TyXBye,Active,5,ethan.c.36@outlook.com,https://images.loox.io/uploads/2024/12/1/jFfRerbgN.jpg,Ethan C.,Changed my life fr,2024-10-17T00:00:00.000Z,9033053962580,monetized-tiktok-account,,true,,,,252ae7c55fa0e8a35df7f6ff3c8c1596-4T7y0TyXBye,
y_gKy11bZp,Active,5,liam.g.31@outlook.com,,Liam G.,will singelhandedly print so much money the us goes into hyperinflation,2024-10-16T00:00:00.000Z,9033053962580,monetized-tiktok-account,,true,,,,252ae7c55fa0e8a35df7f6ff3c8c1596-y_gKy11bZp,
AlQ8PZtns7I,Active,4,aarav.z.32@hotmail.com,,Aarav Z.,Really good,2024-10-16T00:00:00.000Z,9033053962580,monetized-tiktok-account,,true,,,,252ae7c55fa0e8a35df7f6ff3c8c1596-AlQ8PZtns7I,
l_3e5N2CFu,Active,5,aarav.q.74@hotmail.com,,Aarav Q.,"fully monetized & organic, insane",2024-10-15T00:00:00.000Z,9636190388564,tiktok-shop-affiliate-account,,true,,,,252ae7c55fa0e8a35df7f6ff3c8c1596-l_3e5N2CFu,
R7Gegc5Jbel,Active,5,elijah.i.14@outlook.com,,Elijah I.,no bots + organic subs? steal tbh ,2024-10-15T00:00:00.000Z,9658540425556,youtube,,true,,,,252ae7c55fa0e8a35df7f6ff3c8c1596-R7Gegc5Jbel,
FoZOTx6-T0-,Active,5,sophia.x.26@yahoo.com,,Sophia X.,works even tough im not from us,2024-10-14T00:00:00.000Z,9033053962580,monetized-tiktok-account,,true,,,,252ae7c55fa0e8a35df7f6ff3c8c1596-FoZOTx6-T0-,
u2UiQTFI0Ff,Active,4,ryo.x.29@yahoo.com,,Ryo X.,satisfied,2024-10-14T00:00:00.000Z,9658540425556,youtube,,true,,,,252ae7c55fa0e8a35df7f6ff3c8c1596-u2UiQTFI0Ff,
43FkHsK-4Vq,Active,4,emma.l.81@hotmail.com,,Emma L.,"my channel really is organically grown, did not beleive it was true",2024-10-13T00:00:00.000Z,9658540425556,youtube,,true,,,,252ae7c55fa0e8a35df7f6ff3c8c1596-43FkHsK-4Vq,
GE0Hr4Za597,Active,3,dara.v.95@yahoo.com,,Dara V.,Got the channel today and everything is good now I just have to learn how to make the videos ughh,2024-10-12T00:00:00.000Z,9658540425556,youtube,,true,,,,252ae7c55fa0e8a35df7f6ff3c8c1596-GE0Hr4Za597,
ebFMi_kuAEl,Active,4,kai.v.41@outlook.com,,Kai V.,crazy good quality of the channel,2024-10-11T00:00:00.000Z,9658540425556,youtube,,true,,,,252ae7c55fa0e8a35df7f6ff3c8c1596-ebFMi_kuAEl,
FXR_8ADTrdm,Active,5,charlotte.w.13@hotmail.com,https://images.loox.io/uploads/2024/12/1/u_s8lcWefB.jpg,Charlotte W.,It is a lot of hard work even with the already monetized channel but it is so worth it in the end,2024-10-11T00:00:00.000Z,9658540425556,youtube,,true,,,,252ae7c55fa0e8a35df7f6ff3c8c1596-FXR_8ADTrdm,
WMOeckcKvzy,Active,5,sophia.r.58@gmail.com,,Sophia R.,fully approde for the crp program🤝,2024-10-10T00:00:00.000Z,9033053962580,monetized-tiktok-account,,true,,,,252ae7c55fa0e8a35df7f6ff3c8c1596-WMOeckcKvzy,
6yJnwsGw2G,Active,5,aarav.m.39@hotmail.com,,Aarav M.,monetized as promised,2024-10-09T00:00:00.000Z,9658540425556,youtube,,true,,,,252ae7c55fa0e8a35df7f6ff3c8c1596-6yJnwsGw2G,
mryyCP0C4K1,Active,4,sofia.l.15@hotmail.com,,Sofia L.,works in indonesia,2024-10-09T00:00:00.000Z,9636190388564,tiktok-shop-affiliate-account,,true,,,,252ae7c55fa0e8a35df7f6ff3c8c1596-mryyCP0C4K1,
SF1dNrGEWXt,Active,5,charlotte.g.63@outlook.com,https://images.loox.io/uploads/2024/12/1/CiT23r5fdRm.jpg,Charlotte G.,Guys this is absolutley crazy. 1 SHORT got 6.4M VIEWS and netted me 90k subscribers haha,2024-10-09T00:00:00.000Z,9658540425556,youtube,,true,,,,252ae7c55fa0e8a35df7f6ff3c8c1596-SF1dNrGEWXt,
40f6mnrDaeB,Active,5,mateo.y.23@yahoo.com,,Mateo Y.,fantastic,2024-10-08T00:00:00.000Z,9033053962580,monetized-tiktok-account,,true,,,,252ae7c55fa0e8a35df7f6ff3c8c1596-40f6mnrDaeB,
_xTO94g2Rdp,Active,4,benjamin.n.26@yahoo.com,,Benjamin N.,"as promised, rpm is good",2024-10-08T00:00:00.000Z,9033053962580,monetized-tiktok-account,,true,,,,252ae7c55fa0e8a35df7f6ff3c8c1596-_xTO94g2Rdp,
PgZ-Ndez47J,Active,5,kiran.j.61@outlook.com,https://images.loox.io/uploads/2024/12/1/6D6L05-zU.jpg,Kiran J.,"Account works perfect. Got 1.8m views on my first post, so thankfull!",2024-10-06T00:00:00.000Z,9033053962580,monetized-tiktok-account,,true,,,,252ae7c55fa0e8a35df7f6ff3c8c1596-PgZ-Ndez47J,
yWzj_ZB54Bb,Active,4,olivia.l.84@outlook.com,,Olivia L.,the youtube course included helped me,2024-10-05T00:00:00.000Z,9658540425556,youtube,,true,,,,252ae7c55fa0e8a35df7f6ff3c8c1596-yWzj_ZB54Bb,
GngS1Ot5FOs,Active,5,levi.v.45@yahoo.com,,Levi V.,best thing i ever bought,2024-10-04T00:00:00.000Z,9033053962580,monetized-tiktok-account,,true,,,,252ae7c55fa0e8a35df7f6ff3c8c1596-GngS1Ot5FOs,
EPR6CL1-7d,Active,5,sophia.e.99@outlook.com,,Sophia E.,"was hesitant at first, but it is legit",2024-10-04T00:00:00.000Z,9636190388564,tiktok-shop-affiliate-account,,true,,,,252ae7c55fa0e8a35df7f6ff3c8c1596-EPR6CL1-7d,
AnNTTYGzoRD,Active,4,isabella.w.29@outlook.com,,Isabella W.,works in africa,2024-10-04T00:00:00.000Z,9636190388564,tiktok-shop-affiliate-account,,true,,,,252ae7c55fa0e8a35df7f6ff3c8c1596-AnNTTYGzoRD,
oZHnAwKo4ez,Active,4,priya.r.11@yahoo.com,,Priya R.,"got my account fast, good quality, 1k subs no bots",2024-10-03T00:00:00.000Z,9658540425556,youtube,,true,,,,252ae7c55fa0e8a35df7f6ff3c8c1596-oZHnAwKo4ez,
mLUYO_yTV46,Active,5,alexander.o.92@gmail.com,,Alexander O.,e-sim saved me (not from us),2024-10-02T00:00:00.000Z,9033053962580,monetized-tiktok-account,,true,,,,252ae7c55fa0e8a35df7f6ff3c8c1596-mLUYO_yTV46,
4dchob8sop,Active,5,yuki.t.70@yahoo.com,,Yuki T.,thanks to the course I already started earning a bit already,2024-10-02T00:00:00.000Z,9658540425556,youtube,,true,,,,252ae7c55fa0e8a35df7f6ff3c8c1596-4dchob8sop,
DHHZfkY-73P,Active,5,noah.m.84@hotmail.com,,Noah M.,fast delivery!,2024-10-02T00:00:00.000Z,9658540425556,youtube,,true,,,,252ae7c55fa0e8a35df7f6ff3c8c1596-DHHZfkY-73P,
vDOJk4eqeqB,Active,4,jin.o.80@outlook.com,,Jin O.,commision goes crazy bby,2024-10-02T00:00:00.000Z,9636190388564,tiktok-shop-affiliate-account,,true,,,,252ae7c55fa0e8a35df7f6ff3c8c1596-vDOJk4eqeqB,
7pe8StsfEBd,Active,5,benjamin.x.36@yahoo.com,,Benjamin X.,quickstarted my yt career,2024-10-01T00:00:00.000Z,9658540425556,youtube,,true,,,,252ae7c55fa0e8a35df7f6ff3c8c1596-7pe8StsfEBd,
fG-ROkVpjOv,Active,5,elijah.k.60@yahoo.com,,Elijah K.,im not america and it works!,2024-09-30T00:00:00.000Z,9658540425556,youtube,,true,,,,252ae7c55fa0e8a35df7f6ff3c8c1596-fG-ROkVpjOv,
Pup5dbLtTbn,Active,5,liam.m.73@outlook.com,,Liam M.,did not believe you actually could make money with some stupid minecraft vid but made a few dollars on my first post so appearantly you can!,2024-09-27T00:00:00.000Z,9033053962580,monetized-tiktok-account,,true,,,,252ae7c55fa0e8a35df7f6ff3c8c1596-Pup5dbLtTbn,
uU_k1K-dzg2,Active,4,charlotte.u.43@yahoo.com,,Charlotte U.,got my first youtube mpney today,2024-09-27T00:00:00.000Z,9658540425556,youtube,,true,,,,252ae7c55fa0e8a35df7f6ff3c8c1596-uU_k1K-dzg2,
GYGkJ8ouoaN,Active,5,sophia.g.70@yahoo.com,,Sophia G.,setup was easy and I am not from US,2024-09-26T00:00:00.000Z,9636190388564,tiktok-shop-affiliate-account,,true,,,,252ae7c55fa0e8a35df7f6ff3c8c1596-GYGkJ8ouoaN,
VJp0XIVVT6Z,Active,4,nina.b.10@hotmail.com,,Nina B.,monetized straight away,2024-09-26T00:00:00.000Z,9658540425556,youtube,,true,,,,252ae7c55fa0e8a35df7f6ff3c8c1596-VJp0XIVVT6Z,
2PVnqAdfmdZ,Active,4,ethan.c.91@hotmail.com,,Ethan C.,got my account very fast and it has over 10k followers,2024-09-24T00:00:00.000Z,9033053962580,monetized-tiktok-account,,true,,,,252ae7c55fa0e8a35df7f6ff3c8c1596-2PVnqAdfmdZ,
SZDfKxjRdBk,Active,4,ravi.q.72@hotmail.com,,Ravi Q.,"no bots and the rpm is very good, thank you",2024-09-23T00:00:00.000Z,9033053962580,monetized-tiktok-account,,true,,,,252ae7c55fa0e8a35df7f6ff3c8c1596-SZDfKxjRdBk,
Ux297udUJHy,Active,5,zara.m.73@outlook.com,,Zara M.,"actually real, made som money already, definatley will but more",2024-09-22T00:00:00.000Z,9658540425556,youtube,,true,,,,252ae7c55fa0e8a35df7f6ff3c8c1596-Ux297udUJHy,
GvDrehN30Ak,Active,4,leila.g.97@outlook.com,,Leila G.,"now I make bank by selling shit to kids, amazing",2024-09-22T00:00:00.000Z,9636190388564,tiktok-shop-affiliate-account,,true,,,,252ae7c55fa0e8a35df7f6ff3c8c1596-GvDrehN30Ak,
_4SudiLEoeB,Active,4,mateo.t.36@outlook.com,,Mateo T.,with this high rpm tiktok will go bankrupt,2024-09-21T00:00:00.000Z,9033053962580,monetized-tiktok-account,,true,,,,252ae7c55fa0e8a35df7f6ff3c8c1596-_4SudiLEoeB,
ORPEr_OLjZA,Active,4,jin.r.29@hotmail.com,,Jin R.,works from Croatia,2024-09-20T00:00:00.000Z,9636190388564,tiktok-shop-affiliate-account,,true,,,,252ae7c55fa0e8a35df7f6ff3c8c1596-ORPEr_OLjZA,
t-_Sm9vSYp6,Active,4,charlotte.i.24@yahoo.com,,Charlotte I.,rpm better then expected,2024-09-19T00:00:00.000Z,9033053962580,monetized-tiktok-account,,true,,,,252ae7c55fa0e8a35df7f6ff3c8c1596-t-_Sm9vSYp6,
b_3wY2fwvaw,Active,5,priya.z.84@outlook.com,https://images.loox.io/uploads/2024/12/1/6Huztuzrj.jpg,Priya Z.,Printing money from all the sigma boys haha,2024-09-19T00:00:00.000Z,9658540425556,youtube,,true,,,,252ae7c55fa0e8a35df7f6ff3c8c1596-b_3wY2fwvaw,
kSzxqe_Ccid,Active,4,fatima.j.94@yahoo.com,,Fatima J.,best choice of my life,2024-09-17T00:00:00.000Z,9033053962580,monetized-tiktok-account,,true,,,,252ae7c55fa0e8a35df7f6ff3c8c1596-kSzxqe_Ccid,
wkwagmZXSfL,Active,5,james.i.66@gmail.com,,James I.,wish me luck,2024-09-16T00:00:00.000Z,9636190388564,tiktok-shop-affiliate-account,,true,,,,252ae7c55fa0e8a35df7f6ff3c8c1596-wkwagmZXSfL,
VKWF9-5hU95,Active,4,jun.q.11@outlook.com,,Jun Q.,"from India, works well",2024-09-16T00:00:00.000Z,9033053962580,monetized-tiktok-account,,true,,,,252ae7c55fa0e8a35df7f6ff3c8c1596-VKWF9-5hU95,
R3GGjuxr0x,Active,5,aarav.b.58@yahoo.com,,Aarav B.,will buy more and build a yt empire,2024-09-15T00:00:00.000Z,9658540425556,youtube,,true,,,,252ae7c55fa0e8a35df7f6ff3c8c1596-R3GGjuxr0x,
2sm7HGwH3Zu,Active,4,tariq.r.48@outlook.com,,Tariq R.,ez five stars,2024-09-15T00:00:00.000Z,9658540425556,youtube,,true,,,,252ae7c55fa0e8a35df7f6ff3c8c1596-2sm7HGwH3Zu,
Elm85fn_Aqi,Active,4,chen.l.46@yahoo.com,,Chen L.,THANK YOU!,2024-09-14T00:00:00.000Z,9658540425556,youtube,,true,,,,252ae7c55fa0e8a35df7f6ff3c8c1596-Elm85fn_Aqi,
B7PO7QWe3fa,Active,5,ava.o.92@gmail.com,,Ava O.,insane value fr.,2024-09-13T00:00:00.000Z,9033053962580,monetized-tiktok-account,,true,,,,252ae7c55fa0e8a35df7f6ff3c8c1596-B7PO7QWe3fa,
Yq9rzISBhF,Active,5,liam.e.73@gmail.com,,Liam E.,not from america but everything works despite this,2024-09-13T00:00:00.000Z,9636190388564,tiktok-shop-affiliate-account,,true,,,,252ae7c55fa0e8a35df7f6ff3c8c1596-Yq9rzISBhF,
0nfy8RmoMBR,Active,4,ravi.e.54@yahoo.com,,Ravi E.,I love youtube,2024-09-13T00:00:00.000Z,9658540425556,youtube,,true,,,,252ae7c55fa0e8a35df7f6ff3c8c1596-0nfy8RmoMBR,
yY0W_WjOqR,Active,4,nikita.x.41@hotmail.com,,Nikita X.,as expected,2024-09-13T00:00:00.000Z,9658540425556,youtube,,true,,,,252ae7c55fa0e8a35df7f6ff3c8c1596-yY0W_WjOqR,
ki9GURWus2J,Active,4,isabella.r.37@outlook.com,,Isabella R.,works from Nepal,2024-09-12T00:00:00.000Z,9033053962580,monetized-tiktok-account,,true,,,,252ae7c55fa0e8a35df7f6ff3c8c1596-ki9GURWus2J,
ns6TmXT7i8,Active,5,ava.g.36@hotmail.com,,Ava G.,the channel has over 1k real subs. perfect for kickstarting my yt 💪,2024-09-11T00:00:00.000Z,9658540425556,youtube,,true,,,,252ae7c55fa0e8a35df7f6ff3c8c1596-ns6TmXT7i8,
yM7EuFDzXw,Active,5,lucas.h.82@yahoo.com,,Lucas H.,honesly too cheep for everything included,2024-09-11T00:00:00.000Z,9636190388564,tiktok-shop-affiliate-account,,true,,,,252ae7c55fa0e8a35df7f6ff3c8c1596-yM7EuFDzXw,
QFiOGqfD3g4,Active,4,zara.t.82@yahoo.com,,Zara T.,as promised fr!,2024-09-11T00:00:00.000Z,9658540425556,youtube,,true,,,,252ae7c55fa0e8a35df7f6ff3c8c1596-QFiOGqfD3g4,
0gxXB3BGQHD,Active,4,zara.k.19@yahoo.com,,Zara K.,good quality of the channel,2024-09-10T00:00:00.000Z,9658540425556,youtube,,true,,,,252ae7c55fa0e8a35df7f6ff3c8c1596-0gxXB3BGQHD,
JzTWgH4stPu,Active,4,charlotte.v.92@hotmail.com,,Charlotte V.,works from finland👍,2024-09-08T00:00:00.000Z,9033053962580,monetized-tiktok-account,,true,,,,252ae7c55fa0e8a35df7f6ff3c8c1596-JzTWgH4stPu,
2OlRtiCNCB7,Active,5,yuki.w.85@gmail.com,,Yuki W.,50k subs already soon 100k!,2024-09-07T00:00:00.000Z,9658540425556,youtube,,true,,,,252ae7c55fa0e8a35df7f6ff3c8c1596-2OlRtiCNCB7,
qXWaOsMIest,Active,5,sophia.h.63@gmail.com,,Sophia H.,everything as promised,2024-09-06T00:00:00.000Z,9033053962580,monetized-tiktok-account,,true,,,,252ae7c55fa0e8a35df7f6ff3c8c1596-qXWaOsMIest,
lg8OzHOqccg,Active,4,alejandro.h.43@hotmail.com,,Alejandro H.,youtube will go bankrupt when my payout is due,2024-09-06T00:00:00.000Z,9658540425556,youtube,,true,,,,252ae7c55fa0e8a35df7f6ff3c8c1596-lg8OzHOqccg,
hdDIL5TXc,Active,5,Alvinlindberg8@gmail.com,https://images.loox.io/uploads/2024/9/5/6MRaUwEry.jpg,Ryan R.,"started earning right away, a couple of videos in now and i´m on my way to 1000$ ",2024-09-05T19:18:05.149Z,9658540425556,youtube,,,,,,252ae7c55fa0e8a35df7f6ff3c8c1596-hdDIL5TXc,true
Z0SoCnSHtE,Active,5,Alvinlindberg8@gmail.com,https://images.loox.io/uploads/2024/9/5/7CHWcMIJZ.jpg,Mohammed M.,"Got the account right away, hade no trouble with setup or payment 👌 ",2024-09-05T19:17:40.271Z,9658540425556,youtube,,,,,,252ae7c55fa0e8a35df7f6ff3c8c1596-Z0SoCnSHtE,true
HkK1CgVTg,Active,5,Alvinlindberg8@gmail.com,https://images.loox.io/uploads/2024/9/5/oauGlJ33X.jpg,Jack J.,"Account works really good, got i delivered quickly and everything worked straight away",2024-09-05T19:17:04.052Z,9658540425556,youtube,,,,,,252ae7c55fa0e8a35df7f6ff3c8c1596-HkK1CgVTg,true
I9ewsYP_D,Active,5,Alvinlindberg8@gmail.com,https://images.loox.io/uploads/2024/9/5/PwrbrPHDe.jpg,Osman A.,"this is the best, saved so much time getting the account monitized directly 🤑💸",2024-09-05T19:16:23.422Z,9658540425556,youtube,,,,,,252ae7c55fa0e8a35df7f6ff3c8c1596-I9ewsYP_D,true
_d9uTSa-B,Active,5,Alvinlindberg8@gmail.com,https://images.loox.io/uploads/2024/9/5/ozsUJu0UP.jpg,Ali O.,"works best, 10/10, monitezed and started earning right away",2024-09-05T19:15:58.505Z,9658540425556,youtube,,,,,,252ae7c55fa0e8a35df7f6ff3c8c1596-_d9uTSa-B,true
sMxLiGrqD,Active,5,Alvinlindberg8@gmail.com,https://images.loox.io/uploads/2024/9/5/JkkBC9ZF1.jpg,Cole C.,AFFILIATES IS A MONEY MACHINE,2024-09-05T19:15:14.478Z,9717260747092,uk-tiktok-shop-affiliate-account,,,,,,252ae7c55fa0e8a35df7f6ff3c8c1596-sMxLiGrqD,true
hE9moGS7V,Active,5,Alvinlindberg8@gmail.com,https://images.loox.io/uploads/2024/9/5/mnr0ucgvo6.jpg,Evan A.,"Works outside the US, already started to make some money from affililitaes",2024-09-05T19:13:08.170Z,9717260747092,uk-tiktok-shop-affiliate-account,,,,,,252ae7c55fa0e8a35df7f6ff3c8c1596-hE9moGS7V,true
jsDpZe4X7,Active,5,Alvinlindberg8@gmail.com,https://images.loox.io/uploads/2024/9/5/ormGB97TT.jpg,Mason M.,Works as promised!!🫡 already made my first dollars,2024-09-05T19:12:37.139Z,9636190388564,tiktok-shop-affiliate-account,,,,,,252ae7c55fa0e8a35df7f6ff3c8c1596-jsDpZe4X7,true
59TqyslFr,Active,5,Alvinlindberg8@gmail.com,https://images.loox.io/uploads/2024/9/5/P3obb2Sg0.jpg,Ethan E.,"smooth process all the way through, 10/10 all around",2024-09-05T19:12:04.032Z,9636190388564,tiktok-shop-affiliate-account,,,,,,252ae7c55fa0e8a35df7f6ff3c8c1596-59TqyslFr,true
wdeBPlFz5,Active,5,Alvinlindberg8@gmail.com,https://images.loox.io/uploads/2024/9/5/CWPR5YigdH.jpg,Luke L.,"Shop setup was easy, worked right away. Found some good affilliates and started earning at the getgo",2024-09-05T19:11:10.536Z,9717260747092,uk-tiktok-shop-affiliate-account,,,,,,252ae7c55fa0e8a35df7f6ff3c8c1596-wdeBPlFz5,true
ysZq0Zanf,Active,5,Alvinlindberg8@gmail.com,https://images.loox.io/uploads/2024/9/5/7mhuPMZzN.jpg,Drew D.,"came monitized and delivered quickly, alradey making money",2024-09-05T19:09:59.518Z,9033053962580,monetized-tiktok-account,,,,,,252ae7c55fa0e8a35df7f6ff3c8c1596-ysZq0Zanf,true
eKtGfKuGq,Active,5,Alvinlindberg8@gmail.com,https://images.loox.io/uploads/2024/9/5/4GCSqG_p9.jpg,Sirvan J.,"Made my first money on this, and works outside amreica!!",2024-09-05T19:09:11.593Z,9033053962580,monetized-tiktok-account,,,,,,252ae7c55fa0e8a35df7f6ff3c8c1596-eKtGfKuGq,true
62kmXulFd,Active,5,Alvinlindberg8@gmail.com,https://images.loox.io/uploads/2024/9/5/RX1rJF1hZ.jpg,Max M.,monitixed and earning straight away💰 making bags,2024-09-05T19:07:36.886Z,9033053962580,monetized-tiktok-account,,,,,,252ae7c55fa0e8a35df7f6ff3c8c1596-62kmXulFd,true
vlwZDiF5j,Active,5,Alvinlindberg8@gmail.com,https://images.loox.io/uploads/2024/9/5/eLeof42Fe.jpg,Liam L.,"Account works as promised, came with over 10k followers and was monitiezed ",2024-09-05T19:06:15.363Z,9033053962580,monetized-tiktok-account,,,,,,252ae7c55fa0e8a35df7f6ff3c8c1596-vlwZDiF5j,true
jk6Px-Cosk,Active,5,james.o.10@outlook.com,,James O.,"my account's already earning w the tiktok shop affiliate program, insane value fr.",2024-09-05T00:00:00.000Z,9636190388564,tiktok-shop-affiliate-account,,true,,,,252ae7c55fa0e8a35df7f6ff3c8c1596-jk6Px-Cosk,
6Xf5DaFlM5B,Active,4,ravi.g.95@outlook.com,,Ravi G.,wonderfull,2024-09-05T00:00:00.000Z,9636190388564,tiktok-shop-affiliate-account,,true,,,,252ae7c55fa0e8a35df7f6ff3c8c1596-6Xf5DaFlM5B,
D1AUTxXodp,Active,4,malik.s.76@hotmail.com,,Malik S.,No problems at all,2024-09-04T00:00:00.000Z,9658540425556,youtube,,true,,,,252ae7c55fa0e8a35df7f6ff3c8c1596-D1AUTxXodp,
jbLlnnkqQA,Active,4,ryo.c.63@outlook.com,,Ryo C.,This is lit fr,2024-09-03T00:00:00.000Z,9658540425556,youtube,,true,,,,252ae7c55fa0e8a35df7f6ff3c8c1596-jbLlnnkqQA,
oirot-qTGkT,Active,5,sophia.j.46@yahoo.com,https://images.loox.io/uploads/2024/12/1/A36I14DGlD.jpg,Sophia J.,"My first payout, were getting there!",2024-09-01T00:00:00.000Z,9636190388564,tiktok-shop-affiliate-account,,true,,,,252ae7c55fa0e8a35df7f6ff3c8c1596-oirot-qTGkT,
PNJXft7ioh5,Active,5,levi.f.36@outlook.com,,Levi F.,the course is honestly the best thing about this,2024-08-31T00:00:00.000Z,9636190388564,tiktok-shop-affiliate-account,,true,,,,252ae7c55fa0e8a35df7f6ff3c8c1596-PNJXft7ioh5,
goJUg828_N,Active,4,chen.s.86@yahoo.com,,Chen S.,"now I just need a team to create content, thank you!",2024-08-31T00:00:00.000Z,9658540425556,youtube,,true,,,,252ae7c55fa0e8a35df7f6ff3c8c1596-goJUg828_N,
uTlSr6kk7hB,Active,5,mia.x.91@yahoo.com,,Mia X.,"earned so much paypal froze my funds, but I guess it is a good problem to have🔥",2024-08-29T00:00:00.000Z,9033053962580,monetized-tiktok-account,,true,,,,252ae7c55fa0e8a35df7f6ff3c8c1596-uTlSr6kk7hB,
'-EIDSsoyRe,Active,4,chen.m.25@outlook.com,,Chen M.,"currently doing vids in the celeb niche, getting crazy RPM",2024-08-29T00:00:00.000Z,9033053962580,monetized-tiktok-account,,true,,,,252ae7c55fa0e8a35df7f6ff3c8c1596--EIDSsoyRe,
d6SkWwub0PK,Active,5,mason.x.48@outlook.com,https://images.loox.io/uploads/2024/12/1/yTS0JW9aSt-.jpg,Mason X.,"Was so hesitant at first since the hype about this was almost to big to believe it was real. Bought a account and got over 1m views in legit less than 2 weeks and made liitle over 1k USD, crazy fr",2024-08-29T00:00:00.000Z,9033053962580,monetized-tiktok-account,,true,,,,252ae7c55fa0e8a35df7f6ff3c8c1596-d6SkWwub0PK,
363wguyGQo,Active,4,isabella.t.18@outlook.com,,Isabella T.,"just connected my paypal and recieved my first payout, its real!!!",2024-08-28T00:00:00.000Z,9033053962580,monetized-tiktok-account,,true,,,,252ae7c55fa0e8a35df7f6ff3c8c1596-363wguyGQo,
suoF6Ppfs95,Active,5,mia.k.95@outlook.com,,Mia K.,"was skeptical, but it is actually legit",2024-08-27T00:00:00.000Z,9658540425556,youtube,,true,,,,252ae7c55fa0e8a35df7f6ff3c8c1596-suoF6Ppfs95,
3cawqg4JFwO,Active,5,chloe.g.15@yahoo.com,,Chloe G.,"after the hype I tought might as well try, was not a scam and I am printing money rn",2024-08-27T00:00:00.000Z,9033053962580,monetized-tiktok-account,,true,,,,252ae7c55fa0e8a35df7f6ff3c8c1596-3cawqg4JFwO,
gsnvZPlVmmQ,Active,5,hana.t.23@gmail.com,,Hana T.,"fully monetized, perfect",2024-08-27T00:00:00.000Z,9033053962580,monetized-tiktok-account,,true,,,,252ae7c55fa0e8a35df7f6ff3c8c1596-gsnvZPlVmmQ,
ZyoP9lxQ4E,Active,4,ethan.q.20@yahoo.com,,Ethan Q.,"affiliate marketing is really the best business, no inventory, no headaches just cash",2024-08-27T00:00:00.000Z,9636190388564,tiktok-shop-affiliate-account,,true,,,,252ae7c55fa0e8a35df7f6ff3c8c1596-ZyoP9lxQ4E,
mDR6DYqeKiy,Active,5,mateo.g.79@outlook.com,,Mateo G.,steal,2024-08-26T00:00:00.000Z,9658540425556,youtube,,true,,,,252ae7c55fa0e8a35df7f6ff3c8c1596-mDR6DYqeKiy,
ZTERqXm0rD,Active,4,isabella.y.45@hotmail.com,,Isabella Y.,nothing to complain about,2024-08-26T00:00:00.000Z,9636190388564,tiktok-shop-affiliate-account,,true,,,,252ae7c55fa0e8a35df7f6ff3c8c1596-ZTERqXm0rD,
'-Hp2ftEkJh,Active,5,isabella.r.72@gmail.com,,Isabella R.,"good product, as expected",2024-08-24T00:00:00.000Z,9033053962580,monetized-tiktok-account,,true,,,,252ae7c55fa0e8a35df7f6ff3c8c1596--Hp2ftEkJh,
TdU677TOKZy,Active,5,mateo.i.89@outlook.com,,Mateo I.,first money ive earned myself and works in Italy,2024-08-24T00:00:00.000Z,9033053962580,monetized-tiktok-account,,true,,,,252ae7c55fa0e8a35df7f6ff3c8c1596-TdU677TOKZy,
7lmld0FbhF0,Active,5,mia.w.68@yahoo.com,,Mia W.,with the esim I can reach US when im in Croatia,2024-08-24T00:00:00.000Z,9033053962580,monetized-tiktok-account,,true,,,,252ae7c55fa0e8a35df7f6ff3c8c1596-7lmld0FbhF0,
LMaIygP1AP,Active,4,ling.q.77@yahoo.com,,Ling Q.,best thing ever,2024-08-23T00:00:00.000Z,9033053962580,monetized-tiktok-account,,true,,,,252ae7c55fa0e8a35df7f6ff3c8c1596-LMaIygP1AP,
rRPH_jlhhrv,Active,5,leila.t.50@outlook.com,https://images.loox.io/uploads/2024/12/1/kBFlCLjEAn0.jpg,Leila T.,"got 2.3m views in under 3 weeks and made arround 2k USD. The course really helped, thanks!",2024-08-23T00:00:00.000Z,9033053962580,monetized-tiktok-account,,true,,,,252ae7c55fa0e8a35df7f6ff3c8c1596-rRPH_jlhhrv,
afgFjyvdgL,Active,4,alejandro.b.16@outlook.com,,Alejandro B.,youtube gonna be sending me playbuttons soon,2024-08-22T00:00:00.000Z,9658540425556,youtube,,true,,,,252ae7c55fa0e8a35df7f6ff3c8c1596-afgFjyvdgL,
BAZt6tZhT3,Active,4,jin.r.17@outlook.com,,Jin R.,crazy how this works in europe,2024-08-21T00:00:00.000Z,9033053962580,monetized-tiktok-account,,true,,,,252ae7c55fa0e8a35df7f6ff3c8c1596-BAZt6tZhT3,
dI9-yusma,Active,5,80kingz@gmail.com,,Michael W.,will do business with again!,2024-08-20T17:49:45.220Z,9033053962580,monetized-tiktok-account,,true,6214851592532,,,252ae7c55fa0e8a35df7f6ff3c8c1596-dI9-yusma,
V45cRY6x-,Active,3,kelvinmqlee@gmail.com,,Kelvin L.,My account has not started making money yet...maybe I am doing something wrongly?,2024-08-20T15:13:12.833Z,9033053962580,monetized-tiktok-account,,true,6181303026004,,,252ae7c55fa0e8a35df7f6ff3c8c1596-V45cRY6x-,
K4GCR9QFI,Active,5,gourdeenterprises@gmail.com,"https://images.loox.io/uploads/2024/8/20/gOVOmoL2E.jpg,https://images.loox.io/uploads/2024/8/20/Q6zApIwY0.jpg",Andre G.,So excited I can’t wait to start posting and creating will definitely be purchasing and affiliate and the YouTube ones ,2024-08-20T07:13:20.736Z,9033053962580,monetized-tiktok-account,,true,6249017737556,,,252ae7c55fa0e8a35df7f6ff3c8c1596-K4GCR9QFI,true
mFoANeI_6C,Active,4,mateo.g.17@outlook.com,,Mateo G.,the rpm is way better then I expected,2024-08-20T00:00:00.000Z,9033053962580,monetized-tiktok-account,,true,,,,252ae7c55fa0e8a35df7f6ff3c8c1596-mFoANeI_6C,
w65z1ejj4Z,Active,4,andrei.voica08@gmail.com,,Andrei V.,It is good,2024-08-19T21:08:41.607Z,9033053962580,monetized-tiktok-account,,true,6189673513300,,,252ae7c55fa0e8a35df7f6ff3c8c1596-w65z1ejj4Z,
6q-2o8Wc9ZJ,Active,5,alexander.o.31@yahoo.com,,Alexander O.,first make money online method that actually works tbh,2024-08-19T00:00:00.000Z,9636190388564,tiktok-shop-affiliate-account,,true,,,,252ae7c55fa0e8a35df7f6ff3c8c1596-6q-2o8Wc9ZJ,
vZYWGqd587,Active,5,maria.t89@gmail.com,,Jack B.,works perfectlyt💰,2024-08-18T00:00:00.000Z,9636190388564,tiktok-shop-affiliate-account,,true,,,,252ae7c55fa0e8a35df7f6ff3c8c1596-vZYWGqd587,
KLn5LCEUPo,Active,5,george.z6@gmail.com,,Glenn Y.,started to make money directly,2024-08-18T00:00:00.000Z,9033053962580,monetized-tiktok-account,,true,,,,252ae7c55fa0e8a35df7f6ff3c8c1596-KLn5LCEUPo,
2SeWP6YAlby,Active,5,monica.l852@gmail.com,,Owen V.,"Monetized and delivered quickly, exactly as promised, no complaints",2024-08-18T00:00:00.000Z,9033053962580,monetized-tiktok-account,,true,,,,252ae7c55fa0e8a35df7f6ff3c8c1596-2SeWP6YAlby,
Rtpo2v545un,Active,4,troy.k852@gmail.com,,Barry S.,quick and easy to set up,2024-08-18T00:00:00.000Z,9033053962580,monetized-tiktok-account,,true,,,,252ae7c55fa0e8a35df7f6ff3c8c1596-Rtpo2v545un,
VrhG4Tzqy8O,Active,3,olivia.t741@gmail.com,,John P.,Have not tried it out yet but the account came as promuised.,2024-08-18T00:00:00.000Z,9033053962580,monetized-tiktok-account,,true,,,,252ae7c55fa0e8a35df7f6ff3c8c1596-VrhG4Tzqy8O,
9yAkyuq5c6F,Active,3,rachel.s741@gmail.com,,Sam V.,"account works, has over 10k followers, just had some trouble with the setup and delivery",2024-08-18T00:00:00.000Z,9033053962580,monetized-tiktok-account,,true,,,,252ae7c55fa0e8a35df7f6ff3c8c1596-9yAkyuq5c6F,
cHlnM-lp_pc,Active,5,rachel.s741@gmail.com,,Gage S.,no problems linking to TikTok Shop,2024-08-18T00:00:00.000Z,9636190388564,tiktok-shop-affiliate-account,,true,,,,252ae7c55fa0e8a35df7f6ff3c8c1596-cHlnM-lp_pc,
M73kGWlGT1bg,Active,5,wayne.v963@gmail.com,,Troy P.,"no issues, shop connected and affiliates are earning",2024-08-18T00:00:00.000Z,9636190388564,tiktok-shop-affiliate-account,,true,,,,252ae7c55fa0e8a35df7f6ff3c8c1596-M73kGWlGT1bg,
Y4IMST4FTASj,Active,4,natalie.c852@gmail.com,,Kane M.,felt safe all the way thorugh🫡 ,2024-08-18T00:00:00.000Z,9636190388564,tiktok-shop-affiliate-account,,true,,,,252ae7c55fa0e8a35df7f6ff3c8c1596-Y4IMST4FTASj,
4b1oe7aYD87W,Active,5,lester.w741@gmail.com,,Lysander Y.,rly quick delivery,2024-08-18T00:00:00.000Z,9658540425556,youtube,,true,,,,252ae7c55fa0e8a35df7f6ff3c8c1596-4b1oe7aYD87W,
d9uyCqoBHOz5,Active,5,byron.y741@gmail.com,,Eulalia E.,Easy setup already making money,2024-08-18T00:00:00.000Z,9658540425556,youtube,,true,,,,252ae7c55fa0e8a35df7f6ff3c8c1596-d9uyCqoBHOz5,
bSFbzkf5Xcgv,Active,5,leah.h963@gmail.com,,Melvin E.,works as it says,2024-08-18T00:00:00.000Z,9658540425556,youtube,,true,,,,252ae7c55fa0e8a35df7f6ff3c8c1596-bSFbzkf5Xcgv,
dLbq4Zg6kfc,Active,5,liam.c.36@gmail.com,,Liam C.,"ngl, was skeptical but the account is fully monetized & growing like crazy rn 🤑",2024-08-18T00:00:00.000Z,9658540425556,youtube,,true,,,,252ae7c55fa0e8a35df7f6ff3c8c1596-dLbq4Zg6kfc,
5u1cIBX10m,Active,5,james.n.93@outlook.com,,James N.,"30 days, 30 shorts, 15k subs",2024-08-18T00:00:00.000Z,9658540425556,youtube,,true,,,,252ae7c55fa0e8a35df7f6ff3c8c1596-5u1cIBX10m,
KfI4JlZuwf,Active,4,haruto.p.29@yahoo.com,,Haruto P.,"good to go out of the box, just uploaded my first vid currently at 78k views",2024-08-18T00:00:00.000Z,9658540425556,youtube,,true,,,,252ae7c55fa0e8a35df7f6ff3c8c1596-KfI4JlZuwf,
7p0zfKgsfX,Active,5,brian.k6@gmail.com,,Max C.,"monitized directly, 5/5",2024-08-17T00:00:00.000Z,9658540425556,youtube,,true,,,,252ae7c55fa0e8a35df7f6ff3c8c1596-7p0zfKgsfX,
fighJ554Ih,Active,5,kimberly.l71@gmail.com,,Frank Z.,Monetized account delivered quickly,2024-08-17T00:00:00.000Z,9033053962580,monetized-tiktok-account,,true,,,,252ae7c55fa0e8a35df7f6ff3c8c1596-fighJ554Ih,
qtu-zqD-yun,Active,5,ethan.k741@gmail.com,,Adam W.,nice product,2024-08-17T00:00:00.000Z,9033053962580,monetized-tiktok-account,,true,,,,252ae7c55fa0e8a35df7f6ff3c8c1596-qtu-zqD-yun,
A52KGqyeRg6,Active,4,melissa.t741@gmail.com,,Wes T.,delivered fast,2024-08-17T00:00:00.000Z,9033053962580,monetized-tiktok-account,,true,,,,252ae7c55fa0e8a35df7f6ff3c8c1596-A52KGqyeRg6,
_-AkCnosr4a,Active,3,jack.r963@gmail.com,,Paul Q.,works but wasnt as smooth as eexpected😶 ,2024-08-17T00:00:00.000Z,9033053962580,monetized-tiktok-account,,true,,,,252ae7c55fa0e8a35df7f6ff3c8c1596-_-AkCnosr4a,
OWXsH8qwZzp,Active,3,wayne.v963@gmail.com,,Ian W.,could have been smoother,2024-08-17T00:00:00.000Z,9033053962580,monetized-tiktok-account,,true,,,,252ae7c55fa0e8a35df7f6ff3c8c1596-OWXsH8qwZzp,
pb8gp41R8Y7,Active,5,wayne.v963@gmail.com,,Jett T.,shop connection worked good over 5k followers,2024-08-17T00:00:00.000Z,9636190388564,tiktok-shop-affiliate-account,,true,,,,252ae7c55fa0e8a35df7f6ff3c8c1596-pb8gp41R8Y7,
MpTSi-tQv9Zo,Active,4,natalie.c852@gmail.com,,Dean Q.,good,2024-08-17T00:00:00.000Z,9636190388564,tiktok-shop-affiliate-account,,true,,,,252ae7c55fa0e8a35df7f6ff3c8c1596-MpTSi-tQv9Zo,
DjUPsYoKyHRo,Active,4,lester.w741@gmail.com,,Bart N.,"no problems, shop setup was easy",2024-08-17T00:00:00.000Z,9636190388564,tiktok-shop-affiliate-account,,true,,,,252ae7c55fa0e8a35df7f6ff3c8c1596-DjUPsYoKyHRo,
H61HUMTdNhwj,Active,5,zoe.d963@gmail.com,,Calypso Z.,over 1k followers and fast delivery,2024-08-17T00:00:00.000Z,9658540425556,youtube,,true,,,,252ae7c55fa0e8a35df7f6ff3c8c1596-H61HUMTdNhwj,
AjgFbZSRIuCE,Active,5,leah.h963@gmail.com,,Caiomhe F.,"Got the account extremely quick, started youtube automation a while a go and this is a game changer.",2024-08-17T00:00:00.000Z,9658540425556,youtube,,true,,,,252ae7c55fa0e8a35df7f6ff3c8c1596-AjgFbZSRIuCE,
dVXKSIaiyyi8,Active,5,troy.e852@gmail.com,,Amanda X.,"setup was smooth, account was monetized, already making money!",2024-08-17T00:00:00.000Z,9658540425556,youtube,,true,,,,252ae7c55fa0e8a35df7f6ff3c8c1596-dVXKSIaiyyi8,
3OIHqc6pgc,Active,4,laila.z.81@outlook.com,,Laila Z.,"got it running in no time, time to make some tokkys",2024-08-17T00:00:00.000Z,9033053962580,monetized-tiktok-account,,true,,,,252ae7c55fa0e8a35df7f6ff3c8c1596-3OIHqc6pgc,
22vrUHZ0JC,Active,5,sophie.m78@gmail.com,,Noah D.,account had 10k and was monitized,2024-08-16T00:00:00.000Z,9033053962580,monetized-tiktok-account,,true,,,,252ae7c55fa0e8a35df7f6ff3c8c1596-22vrUHZ0JC,
7hX5f1E5H-,Active,5,henry.k852@gmail.com,,Neil A.,great,2024-08-16T00:00:00.000Z,9033053962580,monetized-tiktok-account,,true,,,,252ae7c55fa0e8a35df7f6ff3c8c1596-7hX5f1E5H-,
cfOrjWcXoYb,Active,5,amanda.t963@gmail.com,,Evan X.,Fast and simple,2024-08-16T00:00:00.000Z,9033053962580,monetized-tiktok-account,,true,,,,252ae7c55fa0e8a35df7f6ff3c8c1596-cfOrjWcXoYb,
nrzKCy6G4ei,Active,4,allan.r963@gmail.com,,Troy U.,account was ready to earn,2024-08-16T00:00:00.000Z,9033053962580,monetized-tiktok-account,,true,,,,252ae7c55fa0e8a35df7f6ff3c8c1596-nrzKCy6G4ei,
I3KO94ztnZG,Active,3,natalie.c852@gmail.com,,Nate X.,Got it woeking after a bit of tweaking,2024-08-16T00:00:00.000Z,9033053962580,monetized-tiktok-account,,true,,,,252ae7c55fa0e8a35df7f6ff3c8c1596-I3KO94ztnZG,
Vr5z9QFt0UV,Active,3,grace.j852@gmail.com,,Mark R.,a bit annoying to setup,2024-08-16T00:00:00.000Z,9033053962580,monetized-tiktok-account,,true,,,,252ae7c55fa0e8a35df7f6ff3c8c1596-Vr5z9QFt0UV,
3vf1z8DTvpf,Active,5,natalie.c852@gmail.com,,Ford U.,found som egood affiliates can make good money with this,2024-08-16T00:00:00.000Z,9636190388564,tiktok-shop-affiliate-account,,true,,,,252ae7c55fa0e8a35df7f6ff3c8c1596-3vf1z8DTvpf,
'-w07UX_1-LNG,Active,5,lester.w741@gmail.com,,Zane R.,everything as advertised,2024-08-16T00:00:00.000Z,9636190388564,tiktok-shop-affiliate-account,,true,,,,252ae7c55fa0e8a35df7f6ff3c8c1596--w07UX_1-LNG,
EzQKONm9Bhmp,Active,4,zoe.d963@gmail.com,,Cliff O.,connected to the shop after a second,2024-08-16T00:00:00.000Z,9636190388564,tiktok-shop-affiliate-account,,true,,,,252ae7c55fa0e8a35df7f6ff3c8c1596-EzQKONm9Bhmp,
b2fOWDfg5I8r,Active,5,adam.q852@gmail.com,,Octavian A.,got the account fast and monetized as described,2024-08-16T00:00:00.000Z,9658540425556,youtube,,true,,,,252ae7c55fa0e8a35df7f6ff3c8c1596-b2fOWDfg5I8r,
RfVebDImSsnv,Active,5,troy.e852@gmail.com,,Theron G.,making from ads already,2024-08-16T00:00:00.000Z,9658540425556,youtube,,true,,,,252ae7c55fa0e8a35df7f6ff3c8c1596-RfVebDImSsnv,
cJvTx7Kvg200,Active,5,mia.x741@gmail.com,,Byron I.,works rly good💰 ,2024-08-16T00:00:00.000Z,9658540425556,youtube,,true,,,,252ae7c55fa0e8a35df7f6ff3c8c1596-cJvTx7Kvg200,
4uNiht6Rlc,Active,4,zara.j.64@outlook.com,,Zara J.,got myself a cashcow,2024-08-16T00:00:00.000Z,9658540425556,youtube,,true,,,,252ae7c55fa0e8a35df7f6ff3c8c1596-4uNiht6Rlc,
YYZh8fUT8k,Active,5,kevin.r982@gmail.com,,Liam E.,fuly monetized as described🤝 ,2024-08-15T00:00:00.000Z,9033053962580,monetized-tiktok-account,,true,,,,252ae7c55fa0e8a35df7f6ff3c8c1596-YYZh8fUT8k,
ScvgZE1sux,Active,5,isabel.t159@gmail.com,,Roy B.,Worked like a charm,2024-08-15T00:00:00.000Z,9033053962580,monetized-tiktok-account,,true,,,,252ae7c55fa0e8a35df7f6ff3c8c1596-ScvgZE1sux,
POOLvWf6BeP,Active,5,terrence.r852@gmail.com,,Dylan Y.,"Works well, the account was monetized with 10k followers",2024-08-15T00:00:00.000Z,9033053962580,monetized-tiktok-account,,true,,,,252ae7c55fa0e8a35df7f6ff3c8c1596-POOLvWf6BeP,
vg6V2rFSHwS,Active,4,grace.j852@gmail.com,,Carl V.,no complaints ,2024-08-15T00:00:00.000Z,9033053962580,monetized-tiktok-account,,true,,,,252ae7c55fa0e8a35df7f6ff3c8c1596-vg6V2rFSHwS,
tRzOy5hF2X0,Active,3,dale.b741@gmail.com,,Kyle S.,its working okay,2024-08-15T00:00:00.000Z,9033053962580,monetized-tiktok-account,,true,,,,252ae7c55fa0e8a35df7f6ff3c8c1596-tRzOy5hF2X0,
koSwuESiYHM,Active,3,lester.w741@gmail.com,,Joel Y.,Working good after a while but the setup was a bit of a pain in the ass,2024-08-15T00:00:00.000Z,9033053962580,monetized-tiktok-account,,true,,,,252ae7c55fa0e8a35df7f6ff3c8c1596-koSwuESiYHM,
Knm12GSjl_q,Active,5,lester.w741@gmail.com,,Duke V.,THANK YOU!!,2024-08-15T00:00:00.000Z,9636190388564,tiktok-shop-affiliate-account,,true,,,,252ae7c55fa0e8a35df7f6ff3c8c1596-Knm12GSjl_q,
UZUUSvxWrc1w,Active,5,zoe.d963@gmail.com,,Miles S.,affiliates is a cheatcode,2024-08-15T00:00:00.000Z,9636190388564,tiktok-shop-affiliate-account,,true,,,,252ae7c55fa0e8a35df7f6ff3c8c1596-UZUUSvxWrc1w,
BD4nf9EZZAKH,Active,4,adam.q852@gmail.com,,Felix P.,shop linked and affiliate is perfect money,2024-08-15T00:00:00.000Z,9636190388564,tiktok-shop-affiliate-account,,true,,,,252ae7c55fa0e8a35df7f6ff3c8c1596-BD4nf9EZZAKH,
J5tijyKClXdw,Active,5,lily.f741@gmail.com,,Azriel B.,No issues,2024-08-15T00:00:00.000Z,9658540425556,youtube,,true,,,,252ae7c55fa0e8a35df7f6ff3c8c1596-J5tijyKClXdw,
xoycBXJrSioX,Active,5,mia.x741@gmail.com,,Elowen H.,"smooth transaction, no complaints",2024-08-15T00:00:00.000Z,9658540425556,youtube,,true,,,,252ae7c55fa0e8a35df7f6ff3c8c1596-xoycBXJrSioX,
VbjNzo0hac9u,Active,5,roger.i963@gmail.com,,Grace O.,already earning,2024-08-15T00:00:00.000Z,9658540425556,youtube,,true,,,,252ae7c55fa0e8a35df7f6ff3c8c1596-VbjNzo0hac9u,
2E8XCBuEU1M,Active,5,yuki.s.14@hotmail.com,,Yuki S.,steal of the century,2024-08-15T00:00:00.000Z,9658540425556,youtube,,true,,,,252ae7c55fa0e8a35df7f6ff3c8c1596-2E8XCBuEU1M,
PQMtSa4YwS,Active,5,alvin@gmail.com,,Alvin L.,"account has over 10,000 and helped me get monetized right away, 10/10",2024-08-14T00:00:00.000Z,9033053962580,monetized-tiktok-account,,true,,,,252ae7c55fa0e8a35df7f6ff3c8c1596-PQMtSa4YwS,
5phZwBa-Ov,Active,5,julia.p321@gmail.com,,Ethan F.,Monetized right away ,2024-08-14T00:00:00.000Z,9033053962580,monetized-tiktok-account,,true,,,,252ae7c55fa0e8a35df7f6ff3c8c1596-5phZwBa-Ov,
XSbaPk1K9l,Active,5,martin.r963@gmail.com,,Tony C.,MONEY MACHINE!!!,2024-08-14T00:00:00.000Z,9033053962580,monetized-tiktok-account,,true,,,,252ae7c55fa0e8a35df7f6ff3c8c1596-XSbaPk1K9l,
s1alXbYcayN,Active,5,natalie.j456@gmail.com,,Cole Z.,"Quick delivery, the account was monetized right away",2024-08-14T00:00:00.000Z,9033053962580,monetized-tiktok-account,,true,,,,252ae7c55fa0e8a35df7f6ff3c8c1596-s1alXbYcayN,
ghS-qG8KrGO,Active,4,marvin.b741@gmail.com,,Reed W.,got it fast and was ready to monetize,2024-08-14T00:00:00.000Z,9033053962580,monetized-tiktok-account,,true,,,,252ae7c55fa0e8a35df7f6ff3c8c1596-ghS-qG8KrGO,
K5lMSLpaFx8,Active,3,tiffany.n963@gmail.com,,Ahmed J.,one video in have not got any massive views directly but soon inshallah💸 ,2024-08-14T00:00:00.000Z,9033053962580,monetized-tiktok-account,,true,,,,252ae7c55fa0e8a35df7f6ff3c8c1596-K5lMSLpaFx8,
5sr41r-sXzX,Active,3,zoe.d963@gmail.com,,Brad Z.,"Account was delivered as promised, just gotta find the time to start uploading",2024-08-14T00:00:00.000Z,9033053962580,monetized-tiktok-account,,true,,,,252ae7c55fa0e8a35df7f6ff3c8c1596-5sr41r-sXzX,
RzjBWhNExg3,Active,5,zoe.d963@gmail.com,,Clay W.,Works in EU as well🇪🇺 ,2024-08-14T00:00:00.000Z,9636190388564,tiktok-shop-affiliate-account,,true,,,,252ae7c55fa0e8a35df7f6ff3c8c1596-RzjBWhNExg3,
fuZoVuvnJpZ6,Active,5,adam.q852@gmail.com,,Finn T.,got it fast and works good,2024-08-14T00:00:00.000Z,9636190388564,tiktok-shop-affiliate-account,,true,,,,252ae7c55fa0e8a35df7f6ff3c8c1596-fuZoVuvnJpZ6,
1jdm_kV78a-M,Active,4,lily.f741@gmail.com,,Quinn Q.,product is as described,2024-08-14T00:00:00.000Z,9636190388564,tiktok-shop-affiliate-account,,true,,,,252ae7c55fa0e8a35df7f6ff3c8c1596-1jdm_kV78a-M,
vLUIJe1OihU8,Active,5,melvin.g963@gmail.com,,Elara C.,everything was great,2024-08-14T00:00:00.000Z,9658540425556,youtube,,true,,,,252ae7c55fa0e8a35df7f6ff3c8c1596-vLUIJe1OihU8,
dAYbluSFkqLG,Active,5,roger.i963@gmail.com,,Zephyr I.,great stuff!!,2024-08-14T00:00:00.000Z,9658540425556,youtube,,true,,,,252ae7c55fa0e8a35df7f6ff3c8c1596-dAYbluSFkqLG,
Gv6NWstLUxD_,Active,4,emily.o852@gmail.com,,Glen Z.,yeah wprks nice,2024-08-14T00:00:00.000Z,9658540425556,youtube,,true,,,,252ae7c55fa0e8a35df7f6ff3c8c1596-Gv6NWstLUxD_,
DBkDNJlxu2Y,Active,5,liam.s.67@hotmail.com,,Liam S.,top product,2024-08-14T00:00:00.000Z,9033053962580,monetized-tiktok-account,,true,,,,252ae7c55fa0e8a35df7f6ff3c8c1596-DBkDNJlxu2Y,
J-OGoSw05-,Active,4,ibrahim.a.59@hotmail.com,,Ibrahim A.,even an 10 year old could make money with this,2024-08-14T00:00:00.000Z,9658540425556,youtube,,true,,,,252ae7c55fa0e8a35df7f6ff3c8c1596-J-OGoSw05-,
'-q2ijRSUwd,Active,5,oliver.s6@gmail.com,,Ryan G.,Satisfyed!,2024-08-13T00:00:00.000Z,9033053962580,monetized-tiktok-account,,true,,,,252ae7c55fa0e8a35df7f6ff3c8c1596--q2ijRSUwd,
RnCSPF_UnX,Active,5,grace.j258@gmail.com,,Scott D.,account was ready to earn directly no troubles at all,2024-08-13T00:00:00.000Z,9033053962580,monetized-tiktok-account,,true,,,,252ae7c55fa0e8a35df7f6ff3c8c1596-RnCSPF_UnX,
Sn6MAFm2ogi,Active,5,louis.b852@gmail.com,,Alex A.,account was alredy monetized super happy with it,2024-08-13T00:00:00.000Z,9033053962580,monetized-tiktok-account,,true,,,,252ae7c55fa0e8a35df7f6ff3c8c1596-Sn6MAFm2ogi,
bjbjrtKt3zp,Active,4,tiffany.n963@gmail.com,,Joel X.,worked well,2024-08-13T00:00:00.000Z,9033053962580,monetized-tiktok-account,,true,,,,252ae7c55fa0e8a35df7f6ff3c8c1596-bjbjrtKt3zp,
KyIf9jhbZ2d,Active,3,philip.p852@gmail.com,,Levi U.,gottta find some good niches now,2024-08-13T00:00:00.000Z,9033053962580,monetized-tiktok-account,,true,,,,252ae7c55fa0e8a35df7f6ff3c8c1596-KyIf9jhbZ2d,
Nw4t044FtKT,Active,3,adam.q852@gmail.com,,Hugo A.,works good I think,2024-08-13T00:00:00.000Z,9033053962580,monetized-tiktok-account,,true,,,,252ae7c55fa0e8a35df7f6ff3c8c1596-Nw4t044FtKT,
KjnDduB8mc0,Active,5,adam.q852@gmail.com,,Troy X.,finally something that works outside of america,2024-08-13T00:00:00.000Z,9636190388564,tiktok-shop-affiliate-account,,true,,,,252ae7c55fa0e8a35df7f6ff3c8c1596-KjnDduB8mc0,
AcEGqHeUEfxX,Active,5,lily.f741@gmail.com,,Jace U.,"everything worked fine, shop was easy to connect🤑 ",2024-08-13T00:00:00.000Z,9636190388564,tiktok-shop-affiliate-account,,true,,,,252ae7c55fa0e8a35df7f6ff3c8c1596-AcEGqHeUEfxX,
WWEx4dQz_Buk,Active,4,melvin.g963@gmail.com,,Omar R.,unbiased opinion - works good,2024-08-13T00:00:00.000Z,9636190388564,tiktok-shop-affiliate-account,,true,,,,252ae7c55fa0e8a35df7f6ff3c8c1596-WWEx4dQz_Buk,
mkxMRD_UVgG2,Active,5,isabel.a852@gmail.com,,Zephyrine D.,The account was monetized and had 1k+ subscribers,2024-08-13T00:00:00.000Z,9658540425556,youtube,,true,,,,252ae7c55fa0e8a35df7f6ff3c8c1596-mkxMRD_UVgG2,
dXH_HMUOFMjK,Active,5,emily.o852@gmail.com,,Amara J.,Highly recommend💸🤑 ,2024-08-13T00:00:00.000Z,9658540425556,youtube,,true,,,,252ae7c55fa0e8a35df7f6ff3c8c1596-dXH_HMUOFMjK,
gt7NF1DCl49u,Active,4,hubert.z741@gmail.com,,Chloe L.,"came ready to go, no issues, started earning right away!",2024-08-13T00:00:00.000Z,9658540425556,youtube,,true,,,,252ae7c55fa0e8a35df7f6ff3c8c1596-gt7NF1DCl49u,
'-GQg28xPH3j,Active,5,olivia.n.80@outlook.com,,Olivia N.,finally a method that works,2024-08-13T00:00:00.000Z,9636190388564,tiktok-shop-affiliate-account,,true,,,,252ae7c55fa0e8a35df7f6ff3c8c1596--GQg28xPH3j,
H7-G8fa2oi,Active,5,nicole.b17@gmail.com,,Luke H.,10/10,2024-08-12T00:00:00.000Z,9033053962580,monetized-tiktok-account,,true,,,,252ae7c55fa0e8a35df7f6ff3c8c1596-H7-G8fa2oi,
Iz6Ksarvnu,Active,5,walter.b159@gmail.com,,Kent E.,delivery was fast  ,2024-08-12T00:00:00.000Z,9033053962580,monetized-tiktok-account,,true,,,,252ae7c55fa0e8a35df7f6ff3c8c1596-Iz6Ksarvnu,
qhRb8wdrqNZ,Active,5,jessica.n741@gmail.com,,Sean B.,worked good no problems at all,2024-08-12T00:00:00.000Z,9033053962580,monetized-tiktok-account,,true,,,,252ae7c55fa0e8a35df7f6ff3c8c1596-qhRb8wdrqNZ,
L5boAS1WVXI,Active,4,neil.p852@gmail.com,,Clark Y.,automation saves lives🤷‍♂️ ,2024-08-12T00:00:00.000Z,9033053962580,monetized-tiktok-account,,true,,,,252ae7c55fa0e8a35df7f6ff3c8c1596-L5boAS1WVXI,
2X_oWeSNk1b,Active,3,lily.f741@gmail.com,,Seth B.,No trouble with the account maybe I just need to start uploading more🥲 ,2024-08-12T00:00:00.000Z,9033053962580,monetized-tiktok-account,,true,,,,252ae7c55fa0e8a35df7f6ff3c8c1596-2X_oWeSNk1b,
a_99DWIRLhx,Active,5,lily.f741@gmail.com,,Clint Y.,"came fast, shop was easy to link",2024-08-12T00:00:00.000Z,9636190388564,tiktok-shop-affiliate-account,,true,,,,252ae7c55fa0e8a35df7f6ff3c8c1596-a_99DWIRLhx,
Xm99rGzVeOcS,Active,5,melvin.g963@gmail.com,,Eli V.,everything went smoothly,2024-08-12T00:00:00.000Z,9636190388564,tiktok-shop-affiliate-account,,true,,,,252ae7c55fa0e8a35df7f6ff3c8c1596-Xm99rGzVeOcS,
0NR3fDc00eiG,Active,4,isabel.a852@gmail.com,,Boyd S.,easy money🥳💰 ,2024-08-12T00:00:00.000Z,9636190388564,tiktok-shop-affiliate-account,,true,,,,252ae7c55fa0e8a35df7f6ff3c8c1596-0NR3fDc00eiG,
nMpITyDKmDM1,Active,5,hubert.z741@gmail.com,,Aurelian K.,already seeing results after just a month,2024-08-12T00:00:00.000Z,9658540425556,youtube,,true,,,,252ae7c55fa0e8a35df7f6ff3c8c1596-nMpITyDKmDM1,
g8XlED_d7iSy,Active,4,melissa.l963@gmail.com,,Marvin K.,very pleased with the purchase💯💯 ,2024-08-12T00:00:00.000Z,9658540425556,youtube,,true,,,,252ae7c55fa0e8a35df7f6ff3c8c1596-g8XlED_d7iSy,
DOf6FzFVM0,Active,5,emma.b.57@outlook.com,,Emma B.,so worth it!,2024-08-12T00:00:00.000Z,9033053962580,monetized-tiktok-account,,true,,,,252ae7c55fa0e8a35df7f6ff3c8c1596-DOf6FzFVM0,
KWaANrmZ8ZB,Active,5,ava.m.70@hotmail.com,,Ava M.,my first payout is legit bigger than my salary,2024-08-12T00:00:00.000Z,9636190388564,tiktok-shop-affiliate-account,,true,,,,252ae7c55fa0e8a35df7f6ff3c8c1596-KWaANrmZ8ZB,
4ENjK085jB,Active,5,david.w369@gmail.com,,Jake I.,"Quick and easy, the account was monitized",2024-08-11T00:00:00.000Z,9033053962580,monetized-tiktok-account,,true,,,,252ae7c55fa0e8a35df7f6ff3c8c1596-4ENjK085jB,
m0cMsoEOZh,Active,5,jasmine.n852@gmail.com,,Greg F.,was good ,2024-08-11T00:00:00.000Z,9033053962580,monetized-tiktok-account,,true,,,,252ae7c55fa0e8a35df7f6ff3c8c1596-m0cMsoEOZh,
K6qHPrb1NcJ,Active,5,allen.p963@gmail.com,,Eric C.,"quick delivery, account came monetized and works good",2024-08-11T00:00:00.000Z,9033053962580,monetized-tiktok-account,,true,,,,252ae7c55fa0e8a35df7f6ff3c8c1596-K6qHPrb1NcJ,
x0LdzRHenC9,Active,4,rachel.s741@gmail.com,,Lane Z.,mashallah,2024-08-11T00:00:00.000Z,9033053962580,monetized-tiktok-account,,true,,,,252ae7c55fa0e8a35df7f6ff3c8c1596-x0LdzRHenC9,
VpfqCG0c-u1,Active,3,melvin.g963@gmail.com,,Reid C.,got the acont after a whil had some trouble because my internet was a bit slow 😆 ,2024-08-11T00:00:00.000Z,9033053962580,monetized-tiktok-account,,true,,,,252ae7c55fa0e8a35df7f6ff3c8c1596-VpfqCG0c-u1,
G4uqwdGGLKN,Active,5,melvin.g963@gmail.com,,Walt Z.,nice,2024-08-11T00:00:00.000Z,9636190388564,tiktok-shop-affiliate-account,,true,,,,252ae7c55fa0e8a35df7f6ff3c8c1596-G4uqwdGGLKN,
QZ6DLJAmXwVD,Active,5,isabel.a852@gmail.com,,Jude W.,works nicely,2024-08-11T00:00:00.000Z,9636190388564,tiktok-shop-affiliate-account,,true,,,,252ae7c55fa0e8a35df7f6ff3c8c1596-QZ6DLJAmXwVD,
Kyi9xVexGo3b,Active,4,byron.y741@gmail.com,,Knox T.,everything works fine,2024-08-11T00:00:00.000Z,9636190388564,tiktok-shop-affiliate-account,,true,,,,252ae7c55fa0e8a35df7f6ff3c8c1596-Kyi9xVexGo3b,
MzP4NGZOU7lw,Active,5,melissa.l963@gmail.com,,Morgana L.,The account was delivered as described,2024-08-11T00:00:00.000Z,9658540425556,youtube,,true,,,,252ae7c55fa0e8a35df7f6ff3c8c1596-MzP4NGZOU7lw,
CO-XQ9M702b1,Active,4,warren.k852@gmail.com,,Isabel T.,made money from ads almost from the getgo,2024-08-11T00:00:00.000Z,9658540425556,youtube,,true,,,,252ae7c55fa0e8a35df7f6ff3c8c1596-CO-XQ9M702b1,
5wmgs0qz72n,Active,5,mia.o.26@gmail.com,,Mia O.,money glitch,2024-08-11T00:00:00.000Z,9658540425556,youtube,,true,,,,252ae7c55fa0e8a35df7f6ff3c8c1596-5wmgs0qz72n,
BAIeF18O-,Active,5,geishahousecr@gmail.com,https://images.loox.io/uploads/2024/8/10/bEQHZ7STe.jpg,Jose S.,"I'm a complete begginer in the content creation space and since day 1, my posts started getting engagement from multiple accounts.
I started posting a week ago and been getting followers and likes daily.
My short term goal is to reach 15 000 followers in the next couple months. ",2024-08-10T22:27:11.557Z,9033053962580,monetized-tiktok-account,,true,6193064837460,,,252ae7c55fa0e8a35df7f6ff3c8c1596-BAIeF18O-,true
gvcTJtzIOF,Active,5,emily.c852@gmail.com,,Owen J.,perfect account,2024-08-10T00:00:00.000Z,9033053962580,monetized-tiktok-account,,true,,,,252ae7c55fa0e8a35df7f6ff3c8c1596-gvcTJtzIOF,
KP7ml1xVkX,Active,5,dennis.p17@gmail.com,,Barry G.,make some $$$ with this,2024-08-10T00:00:00.000Z,9033053962580,monetized-tiktok-account,,true,,,,252ae7c55fa0e8a35df7f6ff3c8c1596-KP7ml1xVkX,
dO0rvb493SN,Active,5,rachel.s852@gmail.com,,John D.,came fast and was ready to go nice work,2024-08-10T00:00:00.000Z,9033053962580,monetized-tiktok-account,,true,,,,252ae7c55fa0e8a35df7f6ff3c8c1596-dO0rvb493SN,
bBWjHqGj9LY,Active,4,glen.v963@gmail.com,,Vince A.,no issues,2024-08-10T00:00:00.000Z,9033053962580,monetized-tiktok-account,,true,,,,252ae7c55fa0e8a35df7f6ff3c8c1596-bBWjHqGj9LY,
U9HCS5cLKEZ,Active,3,isabel.a852@gmail.com,,Troy D.,works,2024-08-10T00:00:00.000Z,9033053962580,monetized-tiktok-account,,true,,,,252ae7c55fa0e8a35df7f6ff3c8c1596-U9HCS5cLKEZ,
WXvTA0Sdsq4,Active,5,isabel.a852@gmail.com,,Kane A.,Already making affiliate money!,2024-08-10T00:00:00.000Z,9636190388564,tiktok-shop-affiliate-account,,true,,,,252ae7c55fa0e8a35df7f6ff3c8c1596-WXvTA0Sdsq4,
G0AiI_TCznGi,Active,5,byron.y741@gmail.com,,Cody X.,no issues👌 ,2024-08-10T00:00:00.000Z,9636190388564,tiktok-shop-affiliate-account,,true,,,,252ae7c55fa0e8a35df7f6ff3c8c1596-G0AiI_TCznGi,
f2EnXDGK5Fa5,Active,4,leah.h963@gmail.com,,Kent U.,shop setup was easy,2024-08-10T00:00:00.000Z,9636190388564,tiktok-shop-affiliate-account,,true,,,,252ae7c55fa0e8a35df7f6ff3c8c1596-f2EnXDGK5Fa5,
mLgWDDrPli6Y,Active,5,warren.k852@gmail.com,,Lysandra M.,everything worked out fine,2024-08-10T00:00:00.000Z,9658540425556,youtube,,true,,,,252ae7c55fa0e8a35df7f6ff3c8c1596-mLgWDDrPli6Y,
lra9wplMx0ug,Active,4,olivia.t741@gmail.com,,Stuart R.,Monetized and ready to go,2024-08-10T00:00:00.000Z,9658540425556,youtube,,true,,,,252ae7c55fa0e8a35df7f6ff3c8c1596-lra9wplMx0ug,
qQyw4KXlA9,Active,5,ethan.a.99@hotmail.com,,Ethan A.,"deadass, best thing i bought all year. fully approved & makin moves",2024-08-10T00:00:00.000Z,9033053962580,monetized-tiktok-account,,true,,,,252ae7c55fa0e8a35df7f6ff3c8c1596-qQyw4KXlA9,
VVw1ZC6HtB5,Active,5,dylan.m.79@hotmail.com,,Dylan M.,🔥🔥🔥,2024-08-10T00:00:00.000Z,9658540425556,youtube,,true,,,,252ae7c55fa0e8a35df7f6ff3c8c1596-VVw1ZC6HtB5,
msqVxncFcm,Active,5,steven.j975@gmail.com,,Adam K.,Monetized account delivered fasst,2024-08-09T00:00:00.000Z,9033053962580,monetized-tiktok-account,,true,,,,252ae7c55fa0e8a35df7f6ff3c8c1596-msqVxncFcm,
VlQ9uDrPOvr,Active,5,eva.s71@gmail.com,,Wes H.,no issues at alll,2024-08-09T00:00:00.000Z,9033053962580,monetized-tiktok-account,,true,,,,252ae7c55fa0e8a35df7f6ff3c8c1596-VlQ9uDrPOvr,
QjKgjTpF82i,Active,5,wesley.v456@gmail.com,,Paul E.,no issues,2024-08-09T00:00:00.000Z,9033053962580,monetized-tiktok-account,,true,,,,252ae7c55fa0e8a35df7f6ff3c8c1596-QjKgjTpF82i,
oQ0-7x9duZG,Active,4,megan.c852@gmail.com,,Gabe B.,Quick delivery and easy setup,2024-08-09T00:00:00.000Z,9033053962580,monetized-tiktok-account,,true,,,,252ae7c55fa0e8a35df7f6ff3c8c1596-oQ0-7x9duZG,
SVujcNB8DgR,Active,5,byron.y741@gmail.com,,Dean E.,The account was ready to go and was monetized as promised. I connected to the TikTok Shop with ease and have already earned money from affiliates. Very happy with my purchase!,2024-08-09T00:00:00.000Z,9636190388564,tiktok-shop-affiliate-account,,true,,,,252ae7c55fa0e8a35df7f6ff3c8c1596-SVujcNB8DgR,
fOUp_BE2o7j,Active,5,byron.y741@gmail.com,,Bart B.,5k followers,2024-08-09T00:00:00.000Z,9636190388564,tiktok-shop-affiliate-account,,true,,,,252ae7c55fa0e8a35df7f6ff3c8c1596-fOUp_BE2o7j,
lNbtCAD9J7vh,Active,5,leah.h963@gmail.com,,Bryce Y.,"fast delivery, already earning from affiliates",2024-08-09T00:00:00.000Z,9636190388564,tiktok-shop-affiliate-account,,true,,,,252ae7c55fa0e8a35df7f6ff3c8c1596-lNbtCAD9J7vh,
nu1RtgBAqIMZ,Active,4,troy.e852@gmail.com,,Jude V.,shop connected ,2024-08-09T00:00:00.000Z,9636190388564,tiktok-shop-affiliate-account,,true,,,,252ae7c55fa0e8a35df7f6ff3c8c1596-nu1RtgBAqIMZ,
cLWAa-CzIa06,Active,5,olivia.t741@gmail.com,,Elysia N.,"The account came quickly, had over 1000 subscribers, and was monetized. PERFECT",2024-08-09T00:00:00.000Z,9658540425556,youtube,,true,,,,252ae7c55fa0e8a35df7f6ff3c8c1596-cLWAa-CzIa06,
khDUqNg-uM_g,Active,4,jack.r963@gmail.com,,Bella J.,no problems withthe account,2024-08-09T00:00:00.000Z,9658540425556,youtube,,true,,,,252ae7c55fa0e8a35df7f6ff3c8c1596-khDUqNg-uM_g,
geaQQZ9gLb7,Active,5,ethan.k.93@yahoo.com,,Ethan K.,"thought it was to good too be true, but its real",2024-08-09T00:00:00.000Z,9033053962580,monetized-tiktok-account,,true,,,,252ae7c55fa0e8a35df7f6ff3c8c1596-geaQQZ9gLb7,
YnWi002zIBO,Active,3,naomi.q.24@hotmail.com,,Naomi Q.,I thought the account came with a pre determined niche so I contacted support and told me that all accounts are grown in very broad niches so that I myself can choice a niche from the niche list included in the purchase,2024-08-09T00:00:00.000Z,9033053962580,monetized-tiktok-account,,true,,,,252ae7c55fa0e8a35df7f6ff3c8c1596-YnWi002zIBO,
KRneVUE8jY,Active,5,lisa.a753@gmail.com,,Evan L.,"No issues, the account was monetized with 10k followers. Highly recommend if you wanna start earning real money with autamation",2024-08-08T00:00:00.000Z,9033053962580,monetized-tiktok-account,,true,,,,252ae7c55fa0e8a35df7f6ff3c8c1596-KRneVUE8jY,
yHC9F3maX0t,Active,5,jack.v6@gmail.com,,Troy I.,good product,2024-08-08T00:00:00.000Z,9033053962580,monetized-tiktok-account,,true,,,,252ae7c55fa0e8a35df7f6ff3c8c1596-yHC9F3maX0t,
vwhi_ks57ws,Active,5,nicole.c963@gmail.com,,Mark F.,super fast and already monetized thx🫡 ,2024-08-08T00:00:00.000Z,9033053962580,monetized-tiktok-account,,true,,,,252ae7c55fa0e8a35df7f6ff3c8c1596-vwhi_ks57ws,
WygeHGI6V3u,Active,4,eugene.w741@gmail.com,,Beau C.,worked great account was already monetized,2024-08-08T00:00:00.000Z,9033053962580,monetized-tiktok-account,,true,,,,252ae7c55fa0e8a35df7f6ff3c8c1596-WygeHGI6V3u,
gc3-qRxJkoy,Active,5,leah.h963@gmail.com,,Zane F.,"fast delivery, shop connection was no problem, already made some affiliate money.",2024-08-08T00:00:00.000Z,9636190388564,tiktok-shop-affiliate-account,,true,,,,252ae7c55fa0e8a35df7f6ff3c8c1596-gc3-qRxJkoy,
ED6oiU2xljr,Active,5,leah.h963@gmail.com,,Cliff C.,easy setup. ,2024-08-08T00:00:00.000Z,9636190388564,tiktok-shop-affiliate-account,,true,,,,252ae7c55fa0e8a35df7f6ff3c8c1596-ED6oiU2xljr,
7EQ5w1bSdter,Active,5,troy.e852@gmail.com,,Wade Z.,5k followers,2024-08-08T00:00:00.000Z,9636190388564,tiktok-shop-affiliate-account,,true,,,,252ae7c55fa0e8a35df7f6ff3c8c1596-7EQ5w1bSdter,
G5Zaknhvq1jL,Active,4,mia.x741@gmail.com,,Leo W.,It was no problems with the account,2024-08-08T00:00:00.000Z,9636190388564,tiktok-shop-affiliate-account,,true,,,,252ae7c55fa0e8a35df7f6ff3c8c1596-G5Zaknhvq1jL,
OFeFULkRCmBG,Active,5,jack.r963@gmail.com,,Theon O.,works good,2024-08-08T00:00:00.000Z,9658540425556,youtube,,true,,,,252ae7c55fa0e8a35df7f6ff3c8c1596-OFeFULkRCmBG,
D6I5ikePga6S,Active,4,grace.j852@gmail.com,,Douglas B.,The YouTube account was delivered good,2024-08-08T00:00:00.000Z,9658540425556,youtube,,true,,,,252ae7c55fa0e8a35df7f6ff3c8c1596-D6I5ikePga6S,
I0eAl89t5Y,Active,5,thomas.v26@gmail.com,,Dylan M.,the account was monetized and ready,2024-08-07T00:00:00.000Z,9033053962580,monetized-tiktok-account,,true,,,,252ae7c55fa0e8a35df7f6ff3c8c1596-I0eAl89t5Y,
MgcckuFRATK,Active,5,sabrina.c852@gmail.com,,Carl J.,"Fast delivery and already monetized, let's make some cash!!",2024-08-07T00:00:00.000Z,9033053962580,monetized-tiktok-account,,true,,,,252ae7c55fa0e8a35df7f6ff3c8c1596-MgcckuFRATK,
y04rURMBwUe,Active,5,clifford.w852@gmail.com,,Kyle G.,got it quick and its monetized love it,2024-08-07T00:00:00.000Z,9033053962580,monetized-tiktok-account,,true,,,,252ae7c55fa0e8a35df7f6ff3c8c1596-y04rURMBwUe,
1cLANnL2P3C,Active,4,lucy.d963@gmail.com,,Hank D.,delivered fast and was ready to go,2024-08-07T00:00:00.000Z,9033053962580,monetized-tiktok-account,,true,,,,252ae7c55fa0e8a35df7f6ff3c8c1596-1cLANnL2P3C,
vQ4MYK66i3e,Active,5,troy.e852@gmail.com,,Miles G.,The account was monetized and linked to the TikTok Shop with no issues,2024-08-07T00:00:00.000Z,9636190388564,tiktok-shop-affiliate-account,,true,,,,252ae7c55fa0e8a35df7f6ff3c8c1596-vQ4MYK66i3e,
t2gMWN4xo4d,Active,5,troy.e852@gmail.com,,Felix D.,thought the setup wasnt gonna work but I was wrong,2024-08-07T00:00:00.000Z,9636190388564,tiktok-shop-affiliate-account,,true,,,,252ae7c55fa0e8a35df7f6ff3c8c1596-t2gMWN4xo4d,
YvAhHbgDXOEL,Active,5,mia.x741@gmail.com,,Drew A.,The account worked really good,2024-08-07T00:00:00.000Z,9636190388564,tiktok-shop-affiliate-account,,true,,,,252ae7c55fa0e8a35df7f6ff3c8c1596-YvAhHbgDXOEL,
tx84rDFSxv3S,Active,4,roger.i963@gmail.com,,Jack X.,Quick delivery over my expectations,2024-08-07T00:00:00.000Z,9636190388564,tiktok-shop-affiliate-account,,true,,,,252ae7c55fa0e8a35df7f6ff3c8c1596-tx84rDFSxv3S,
CQ-_NRg97vRu,Active,5,grace.j852@gmail.com,,Xanthe P.,"Great experience, would recommend to all",2024-08-07T00:00:00.000Z,9658540425556,youtube,,true,,,,252ae7c55fa0e8a35df7f6ff3c8c1596-CQ-_NRg97vRu,
okvllKDoVtwe,Active,4,dale.b741@gmail.com,,Rachel N.,"setup was easy, account was ready to use",2024-08-07T00:00:00.000Z,9658540425556,youtube,,true,,,,252ae7c55fa0e8a35df7f6ff3c8c1596-okvllKDoVtwe,
0iABnEcBWm,Active,4,kai.m.17@yahoo.com,,Kai M.,"the channel appears to actually be organically grown, really surprised by this. Now I just gotta start making content, wish me luck!",2024-08-07T00:00:00.000Z,9658540425556,youtube,,true,,,,252ae7c55fa0e8a35df7f6ff3c8c1596-0iABnEcBWm,
oID7EsE242,Active,5,angela.n128@gmail.com,,Cole N.,Already monetized no setup needed,2024-08-06T00:00:00.000Z,9033053962580,monetized-tiktok-account,,true,,,,252ae7c55fa0e8a35df7f6ff3c8c1596-oID7EsE242,
zaIKt-FR9WH,Active,5,lawrence.w159@gmail.com,,Reed K.,automation to the moon!!!,2024-08-06T00:00:00.000Z,9033053962580,monetized-tiktok-account,,true,,,,252ae7c55fa0e8a35df7f6ff3c8c1596-zaIKt-FR9WH,
RotbcWZx3e8,Active,5,jenna.d741@gmail.com,,Aaron H.,worked great account was already monetized no hassle,2024-08-06T00:00:00.000Z,9033053962580,monetized-tiktok-account,,true,,,,252ae7c55fa0e8a35df7f6ff3c8c1596-RotbcWZx3e8,
7pSvnJtBuBC,Active,4,hector.q852@gmail.com,,Axel E.,Super quick and account was monetized,2024-08-06T00:00:00.000Z,9033053962580,monetized-tiktok-account,,true,,,,252ae7c55fa0e8a35df7f6ff3c8c1596-7pSvnJtBuBC,
4QqTUgvzrlR,Active,5,mia.x741@gmail.com,,Finn H.,"quick delivery, shop connection smooth, already earning from affiliates. great service!",2024-08-06T00:00:00.000Z,9636190388564,tiktok-shop-affiliate-account,,true,,,,252ae7c55fa0e8a35df7f6ff3c8c1596-4QqTUgvzrlR,
QKA_tpVcFJs,Active,5,mia.x741@gmail.com,,Quinn E.,"No problems linking to TikTok Shop, and I’ve already started making affiliate money💸",2024-08-06T00:00:00.000Z,9636190388564,tiktok-shop-affiliate-account,,true,,,,252ae7c55fa0e8a35df7f6ff3c8c1596-QKA_tpVcFJs,
t6Fh5RxssPSE,Active,5,roger.i963@gmail.com,,Chase B.,winning product this,2024-08-06T00:00:00.000Z,9636190388564,tiktok-shop-affiliate-account,,true,,,,252ae7c55fa0e8a35df7f6ff3c8c1596-t6Fh5RxssPSE,
r1WdXYr_712r,Active,4,emily.o852@gmail.com,,Max Y.,Works really good even for me that do this as a hobby🤑💸💸,2024-08-06T00:00:00.000Z,9636190388564,tiktok-shop-affiliate-account,,true,,,,252ae7c55fa0e8a35df7f6ff3c8c1596-r1WdXYr_712r,
CXQheQ6QiVEZ,Active,5,dale.b741@gmail.com,,Orpheus Q.,Perfect service. Very satiesfyed with the product👍👍,2024-08-06T00:00:00.000Z,9658540425556,youtube,,true,,,,252ae7c55fa0e8a35df7f6ff3c8c1596-CXQheQ6QiVEZ,
07msDA61u,Active,4,tiffany.n963@gmail.com,,Neil P.,hoping to make money right away,2024-08-06T00:00:00.000Z,9658540425556,youtube,,true,,,,252ae7c55fa0e8a35df7f6ff3c8c1596-07msDA61u,
PfMM1HBXL,Active,4,aarav.n.72@hotmail.com,,Aarav N.,ty!,2024-08-06T00:00:00.000Z,9658540425556,youtube,,true,,,,252ae7c55fa0e8a35df7f6ff3c8c1596-PfMM1HBXL,
'-RjzBnVLGnp,Active,5,robert.d6@gmail.com,,Alex O., Super convenient🫡 ,2024-08-05T00:00:00.000Z,9033053962580,monetized-tiktok-account,,true,,,,252ae7c55fa0e8a35df7f6ff3c8c1596--RjzBnVLGnp,
QYNW8wQCrQ4,Active,5,nina.d741@gmail.com,,Joel L.,"Came quick and was monitized, as promised good product will defenitily buy again",2024-08-05T00:00:00.000Z,9033053962580,monetized-tiktok-account,,true,,,,252ae7c55fa0e8a35df7f6ff3c8c1596-QYNW8wQCrQ4,
Gvr3Vg3yGh1,Active,5,roger.q963@gmail.com,,Levi I.,really fast delivery ,2024-08-05T00:00:00.000Z,9033053962580,monetized-tiktok-account,,true,,,,252ae7c55fa0e8a35df7f6ff3c8c1596-Gvr3Vg3yGh1,
WVzVTtxUeuo,Active,4,isabel.f741@gmail.com,,Leon F.,easy transaction,2024-08-05T00:00:00.000Z,9033053962580,monetized-tiktok-account,,true,,,,252ae7c55fa0e8a35df7f6ff3c8c1596-WVzVTtxUeuo,
dQ1vbOLYtyc,Active,5,roger.i963@gmail.com,,Jace I.,Already making affiliate cash.,2024-08-05T00:00:00.000Z,9636190388564,tiktok-shop-affiliate-account,,true,,,,252ae7c55fa0e8a35df7f6ff3c8c1596-dQ1vbOLYtyc,
XSiwzEt6kjM,Active,5,roger.i963@gmail.com,,Omar F.,"Fast and easy, shop connected, 4 affiliates products now that works really good",2024-08-05T00:00:00.000Z,9636190388564,tiktok-shop-affiliate-account,,true,,,,252ae7c55fa0e8a35df7f6ff3c8c1596-XSiwzEt6kjM,
3JIs37OWRUGH,Active,5,emily.o852@gmail.com,,Grant C.,"no issues, tiktok shop setup was smooth",2024-08-05T00:00:00.000Z,9636190388564,tiktok-shop-affiliate-account,,true,,,,252ae7c55fa0e8a35df7f6ff3c8c1596-3JIs37OWRUGH,
LwMSFqWiQD3n,Active,4,hubert.z741@gmail.com,,Noah Z.,"works outisde the US as well, finally",2024-08-05T00:00:00.000Z,9636190388564,tiktok-shop-affiliate-account,,true,,,,252ae7c55fa0e8a35df7f6ff3c8c1596-LwMSFqWiQD3n,
MUXx_ehL4KKt,Active,5,tiffany.n963@gmail.com,,Thalassa R.,this is exactly what I needed,2024-08-05T00:00:00.000Z,9658540425556,youtube,,true,,,,252ae7c55fa0e8a35df7f6ff3c8c1596-MUXx_ehL4KKt,
GrYIL4iBXD,Active,4,philip.p852@gmail.com,,Alice S.,"got it fast, monetized account, already seeing ad revenue!",2024-08-05T00:00:00.000Z,9658540425556,youtube,,true,,,,252ae7c55fa0e8a35df7f6ff3c8c1596-GrYIL4iBXD,
ErymAHkpa2,Active,5,james.a.69@yahoo.com,,James A.,"actually dropped out of collage after this, building a money machine",2024-08-05T00:00:00.000Z,9033053962580,monetized-tiktok-account,,true,,,,252ae7c55fa0e8a35df7f6ff3c8c1596-ErymAHkpa2,
Y1srnFzLDDe,Active,5,mia.s.53@outlook.com,,Mia S.,"making money of brainrot, can it even be better?",2024-08-05T00:00:00.000Z,9033053962580,monetized-tiktok-account,,true,,,,252ae7c55fa0e8a35df7f6ff3c8c1596-Y1srnFzLDDe,
Kcym3lYpOEP,Active,4,dara.a.21@yahoo.com,,Dara A.,great,2024-08-05T00:00:00.000Z,9658540425556,youtube,,true,,,,252ae7c55fa0e8a35df7f6ff3c8c1596-Kcym3lYpOEP,
FptftD6B2UZ,Active,5,laura.f369@gmail.com,,Sean P.,Came with 10k followers easy setup,2024-08-04T00:00:00.000Z,9033053962580,monetized-tiktok-account,,true,,,,252ae7c55fa0e8a35df7f6ff3c8c1596-FptftD6B2UZ,
Qx3z5pXdnwU,Active,5,scott.q369@gmail.com,,Clark M.,"Ready to go and monetize, time to make money!!!",2024-08-04T00:00:00.000Z,9033053962580,monetized-tiktok-account,,true,,,,252ae7c55fa0e8a35df7f6ff3c8c1596-Qx3z5pXdnwU,
eqxjmkjVnmt,Active,4,alice.f852@gmail.com,,Sam J.,good i guess,2024-08-04T00:00:00.000Z,9033053962580,monetized-tiktok-account,,true,,,,252ae7c55fa0e8a35df7f6ff3c8c1596-eqxjmkjVnmt,
6AgAz2QSNVC,Active,4,victor.g963@gmail.com,,Gage G.,account was monetized,2024-08-04T00:00:00.000Z,9033053962580,monetized-tiktok-account,,true,,,,252ae7c55fa0e8a35df7f6ff3c8c1596-6AgAz2QSNVC,
AZP7OCMOOWY,Active,5,emily.o852@gmail.com,,Eli J.,"The account arrived quickly and was already monetized. Setting up the TikTok Shop was straightforward, and I've started earning from affiliates. Great service!",2024-08-04T00:00:00.000Z,9636190388564,tiktok-shop-affiliate-account,,true,,,,252ae7c55fa0e8a35df7f6ff3c8c1596-AZP7OCMOOWY,
xStoy_7wEfW,Active,5,emily.o852@gmail.com,,Boyd G.,anyone know any good products?,2024-08-04T00:00:00.000Z,9636190388564,tiktok-shop-affiliate-account,,true,,,,252ae7c55fa0e8a35df7f6ff3c8c1596-xStoy_7wEfW,
fLVeHhquS2cP,Active,5,hubert.z741@gmail.com,,Ross D.,earning money right away,2024-08-04T00:00:00.000Z,9636190388564,tiktok-shop-affiliate-account,,true,,,,252ae7c55fa0e8a35df7f6ff3c8c1596-fLVeHhquS2cP,
Qs15-2keVJ9l,Active,4,melissa.l963@gmail.com,,Liam A.,"fast and easy, shop setup was smooth",2024-08-04T00:00:00.000Z,9636190388564,tiktok-shop-affiliate-account,,true,,,,252ae7c55fa0e8a35df7f6ff3c8c1596-Qs15-2keVJ9l,
X-nzxjGSgAOR,Active,5,philip.p852@gmail.com,,Zephyrus S.,no issues at all,2024-08-04T00:00:00.000Z,9658540425556,youtube,,true,,,,252ae7c55fa0e8a35df7f6ff3c8c1596-X-nzxjGSgAOR,
jkjwZfdXu5,Active,4,rachel.s741@gmail.com,,Roger V.,th account works good,2024-08-04T00:00:00.000Z,9658540425556,youtube,,true,,,,252ae7c55fa0e8a35df7f6ff3c8c1596-jkjwZfdXu5,
pfYq9Z7BQar,Active,4,fatima.d.16@outlook.com,,Fatima D.,RPM is nuts!,2024-08-04T00:00:00.000Z,9033053962580,monetized-tiktok-account,,true,,,,252ae7c55fa0e8a35df7f6ff3c8c1596-pfYq9Z7BQar,
a6Ytlfj72SN,Active,5,michael.e159@gmail.com,,Eric Q., Monetized and delivered fast.a,2024-08-03T00:00:00.000Z,9033053962580,monetized-tiktok-account,,true,,,,252ae7c55fa0e8a35df7f6ff3c8c1596-a6Ytlfj72SN,
YixvMFvQgLo,Active,5,lily.f159@gmail.com,,Lane N.,Fast delivery and ive already earned my first dollar let's make some $$$!!,2024-08-03T00:00:00.000Z,9033053962580,monetized-tiktok-account,,true,,,,252ae7c55fa0e8a35df7f6ff3c8c1596-YixvMFvQgLo,
wpVfoAofQgo,Active,4,dean.g741@gmail.com,,Ian K.,"account came fast and was ready to use, lets see if i can earn some money now",2024-08-03T00:00:00.000Z,9033053962580,monetized-tiktok-account,,true,,,,252ae7c55fa0e8a35df7f6ff3c8c1596-wpVfoAofQgo,
jHj1yw63wiL,Active,4,emily.a852@gmail.com,,Jett H.,"quick service, account was ready to earn💸💸 ",2024-08-03T00:00:00.000Z,9033053962580,monetized-tiktok-account,,true,,,,252ae7c55fa0e8a35df7f6ff3c8c1596-jHj1yw63wiL,
rX0j6kecTAI,Active,5,hubert.z741@gmail.com,,Jude K.,"no issues at all, account was monetized and shop linked easily",2024-08-03T00:00:00.000Z,9636190388564,tiktok-shop-affiliate-account,,true,,,,252ae7c55fa0e8a35df7f6ff3c8c1596-rX0j6kecTAI,
PNrZGjutheG,Active,5,hubert.z741@gmail.com,,Knox H.,Love it🤑 ,2024-08-03T00:00:00.000Z,9636190388564,tiktok-shop-affiliate-account,,true,,,,252ae7c55fa0e8a35df7f6ff3c8c1596-PNrZGjutheG,
DNLK4WZL9CHo,Active,5,melissa.l963@gmail.com,,Todd E.,shop setup was no problem,2024-08-03T00:00:00.000Z,9636190388564,tiktok-shop-affiliate-account,,true,,,,252ae7c55fa0e8a35df7f6ff3c8c1596-DNLK4WZL9CHo,
vYes1VOdi8PE,Active,4,warren.k852@gmail.com,,Ethan B.,nice!,2024-08-03T00:00:00.000Z,9636190388564,tiktok-shop-affiliate-account,,true,,,,252ae7c55fa0e8a35df7f6ff3c8c1596-vYes1VOdi8PE,
Ga1OsEm9t12R,Active,5,rachel.s741@gmail.com,,Briony T.,"Very pleased with the service, helped me get monitized directly 10/10",2024-08-03T00:00:00.000Z,9658540425556,youtube,,true,,,,252ae7c55fa0e8a35df7f6ff3c8c1596-Ga1OsEm9t12R,
Jkck-d3oA5,Active,4,wayne.v963@gmail.com,,Fiona C.,"came ready to go, started making money!",2024-08-03T00:00:00.000Z,9658540425556,youtube,,true,,,,252ae7c55fa0e8a35df7f6ff3c8c1596-Jkck-d3oA5,
GG1ZIkEYecA,Active,5,sophia.d.14@yahoo.com,,Sophia D.,my girlies and I are now independant,2024-08-03T00:00:00.000Z,9033053962580,monetized-tiktok-account,,true,,,,252ae7c55fa0e8a35df7f6ff3c8c1596-GG1ZIkEYecA,
oF4pbsgM--,Active,5,sophia.g.73@outlook.com,,Sophia G.,yapping for a living hbu?,2024-08-03T00:00:00.000Z,9033053962580,monetized-tiktok-account,,true,,,,252ae7c55fa0e8a35df7f6ff3c8c1596-oF4pbsgM--,
RnzvKXItfQ-,Active,5,ashley.h753@gmail.com,,John R.,"Worked as promised, the account was monetized with 10k followers",2024-08-02T00:00:00.000Z,9033053962580,monetized-tiktok-account,,true,,,,252ae7c55fa0e8a35df7f6ff3c8c1596-RnzvKXItfQ-,
1h5AJ62Ksgs,Active,5,mark.g852@gmail.com,,Vince O.,works  good🤝 ,2024-08-02T00:00:00.000Z,9033053962580,monetized-tiktok-account,,true,,,,252ae7c55fa0e8a35df7f6ff3c8c1596-1h5AJ62Ksgs,
Fmu642AicCF,Active,4,ashley.a456@gmail.com,,Nate L.,no issues with monetization,2024-08-02T00:00:00.000Z,9033053962580,monetized-tiktok-account,,true,,,,252ae7c55fa0e8a35df7f6ff3c8c1596-Fmu642AicCF,
n_1Nxp6dsvM,Active,4,tony.y741@gmail.com,,Ford I.,had over 10k subs right away,2024-08-02T00:00:00.000Z,9033053962580,monetized-tiktok-account,,true,,,,252ae7c55fa0e8a35df7f6ff3c8c1596-n_1Nxp6dsvM,
a02NG9Xseky,Active,5,melissa.l963@gmail.com,,Cody L.,"Got it fast, shop setup was easy👍 ",2024-08-02T00:00:00.000Z,9636190388564,tiktok-shop-affiliate-account,,true,,,,252ae7c55fa0e8a35df7f6ff3c8c1596-a02NG9Xseky,
Q5Dg0Kamip5,Active,5,melissa.l963@gmail.com,,Kent I.,recommed,2024-08-02T00:00:00.000Z,9636190388564,tiktok-shop-affiliate-account,,true,,,,252ae7c55fa0e8a35df7f6ff3c8c1596-Q5Dg0Kamip5,
42Mt6CDGKq9g,Active,5,warren.k852@gmail.com,,Blake F.,really quick respones and delivery,2024-08-02T00:00:00.000Z,9636190388564,tiktok-shop-affiliate-account,,true,,,,252ae7c55fa0e8a35df7f6ff3c8c1596-42Mt6CDGKq9g,
KTqT61mcHLsC,Active,4,olivia.t741@gmail.com,,Ryan C.,"Positive about this, works good so far 🤝 ",2024-08-02T00:00:00.000Z,9636190388564,tiktok-shop-affiliate-account,,true,,,,252ae7c55fa0e8a35df7f6ff3c8c1596-KTqT61mcHLsC,
XdhuD0J7dbWs,Active,5,wayne.v963@gmail.com,,Dorian U.,all around great experience,2024-08-02T00:00:00.000Z,9658540425556,youtube,,true,,,,252ae7c55fa0e8a35df7f6ff3c8c1596-XdhuD0J7dbWs,
uYr_vqK9kH,Active,4,natalie.c852@gmail.com,,Adam W.,nice,2024-08-02T00:00:00.000Z,9658540425556,youtube,,true,,,,252ae7c55fa0e8a35df7f6ff3c8c1596-uYr_vqK9kH,
4xuenVMTy2B,Active,5,elijah.j.47@gmail.com,,Elijah J.,crazy value for organic grown + already monetized,2024-08-02T00:00:00.000Z,9033053962580,monetized-tiktok-account,,true,,,,252ae7c55fa0e8a35df7f6ff3c8c1596-4xuenVMTy2B,
6bJDQlzKRnJ,Active,4,zara.h.19@hotmail.com,,Zara H.,if it continues like this I will reach financial independence in 1 year,2024-08-02T00:00:00.000Z,9658540425556,youtube,,true,,,,252ae7c55fa0e8a35df7f6ff3c8c1596-6bJDQlzKRnJ,
RGcpr7uj8Z,Active,4,ryo.x.29@yahoo.com,,Ryo X.,"the setup for withdrawing money worked but took me some time, maybe I am just dumb haha",2024-08-02T00:00:00.000Z,9658540425556,youtube,,true,,,,252ae7c55fa0e8a35df7f6ff3c8c1596-RGcpr7uj8Z,
gyW_YMXQ5qj,Active,5,andrew.q82@gmail.com,,Paul S.,Smooth and easy transactionwith easy setup,2024-08-01T00:00:00.000Z,9033053962580,monetized-tiktok-account,,true,,,,252ae7c55fa0e8a35df7f6ff3c8c1596-gyW_YMXQ5qj,
pPDfnZYJX1l,Active,5,heather.a741@gmail.com,,Gabe P.,let's make some cash!!,2024-08-01T00:00:00.000Z,9033053962580,monetized-tiktok-account,,true,,,,252ae7c55fa0e8a35df7f6ff3c8c1596-pPDfnZYJX1l,
y_2ynH4fWBJ,Active,4,ivan.y852@gmail.com,,Joel M.,fast service account was already monetized,2024-08-01T00:00:00.000Z,9033053962580,monetized-tiktok-account,,true,,,,252ae7c55fa0e8a35df7f6ff3c8c1596-y_2ynH4fWBJ,
VVHM763UfKJ,Active,4,mia.h963@gmail.com,,Duke J.,works good no scam 🤝 ,2024-08-01T00:00:00.000Z,9033053962580,monetized-tiktok-account,,true,,,,252ae7c55fa0e8a35df7f6ff3c8c1596-VVHM763UfKJ,
PuE2OQooheL,Active,5,warren.k852@gmail.com,,Bryce M.,Connected to TikTok Shop easily,2024-08-01T00:00:00.000Z,9636190388564,tiktok-shop-affiliate-account,,true,,,,252ae7c55fa0e8a35df7f6ff3c8c1596-PuE2OQooheL,
XpgsEgAcHnE,Active,5,warren.k852@gmail.com,,Jude J.,WORKS!,2024-08-01T00:00:00.000Z,9636190388564,tiktok-shop-affiliate-account,,true,,,,252ae7c55fa0e8a35df7f6ff3c8c1596-XpgsEgAcHnE,
Nvf1gihsVDue,Active,5,olivia.t741@gmail.com,,Brent G.,easy process all the way through🫡 ,2024-08-01T00:00:00.000Z,9636190388564,tiktok-shop-affiliate-account,,true,,,,252ae7c55fa0e8a35df7f6ff3c8c1596-Nvf1gihsVDue,
M6fAhtavWucA,Active,4,jack.r963@gmail.com,,Luke D.,"Account was monetized, let's get that dinero💸 💰 ",2024-08-01T00:00:00.000Z,9636190388564,tiktok-shop-affiliate-account,,true,,,,252ae7c55fa0e8a35df7f6ff3c8c1596-M6fAhtavWucA,
TpqNuH1Rzp_z,Active,5,natalie.c852@gmail.com,,Isabeau V.,WOrks!,2024-08-01T00:00:00.000Z,9658540425556,youtube,,true,,,,252ae7c55fa0e8a35df7f6ff3c8c1596-TpqNuH1Rzp_z,
MzoaAVQMw7,Active,4,lester.w741@gmail.com,,Ella D.,"fast delivery, monetized account, already seeing revenue!!!",2024-08-01T00:00:00.000Z,9658540425556,youtube,,true,,,,252ae7c55fa0e8a35df7f6ff3c8c1596-MzoaAVQMw7,
1ViocPLzepB,Active,5,rachel.g963@gmail.com,,Mark T.,"No hassle, the account was monetized with over 10k followers, gonna start earning breeeeadd now💰🤑 ",2024-07-31T00:00:00.000Z,9033053962580,monetized-tiktok-account,,true,,,,252ae7c55fa0e8a35df7f6ff3c8c1596-1ViocPLzepB,
EfYA3wAc62m,Active,5,fred.y963@gmail.com,,Beau Q.,"Quick delivery, the account was monetized with 10k followers. Really satisfied with the product.",2024-07-31T00:00:00.000Z,9033053962580,monetized-tiktok-account,,true,,,,252ae7c55fa0e8a35df7f6ff3c8c1596-EfYA3wAc62m,
8f1oSGcepDe,Active,4,grace.h741@gmail.com,,Brad N.,got it dfast,2024-07-31T00:00:00.000Z,9033053962580,monetized-tiktok-account,,true,,,,252ae7c55fa0e8a35df7f6ff3c8c1596-8f1oSGcepDe,
rglmwOtG03U,Active,4,wallace.e852@gmail.com,,Clay K.,came quick and was already monetized,2024-07-31T00:00:00.000Z,9033053962580,monetized-tiktok-account,,true,,,,252ae7c55fa0e8a35df7f6ff3c8c1596-rglmwOtG03U,
FPKRwu4uXok,Active,5,olivia.t741@gmail.com,,Wade N.,"The account was delivered quickly and was ready to go. Connected to the TikTok Shop without any hassle, and affiliate earnings are coming in",2024-07-31T00:00:00.000Z,9636190388564,tiktok-shop-affiliate-account,,true,,,,252ae7c55fa0e8a35df7f6ff3c8c1596-FPKRwu4uXok,
iHiLfzW12qD,Active,5,olivia.t741@gmail.com,,Leo K.,delivery was surprisingly quick,2024-07-31T00:00:00.000Z,9636190388564,tiktok-shop-affiliate-account,,true,,,,252ae7c55fa0e8a35df7f6ff3c8c1596-iHiLfzW12qD,
eglTR7o1TJxW,Active,5,jack.r963@gmail.com,,Keith H.,the boys will make so much money on thuis,2024-07-31T00:00:00.000Z,9636190388564,tiktok-shop-affiliate-account,,true,,,,252ae7c55fa0e8a35df7f6ff3c8c1596-eglTR7o1TJxW,
NrFWqemQV8pR,Active,3,grace.j852@gmail.com,,Jake E.,didsnt understand the setup at first but got it then,2024-07-31T00:00:00.000Z,9636190388564,tiktok-shop-affiliate-account,,true,,,,252ae7c55fa0e8a35df7f6ff3c8c1596-NrFWqemQV8pR,
Gox6r3BWP22Z,Active,5,lester.w741@gmail.com,,Nyx W.,"no problems, account was monetized and had 1k followers.",2024-07-31T00:00:00.000Z,9658540425556,youtube,,true,,,,252ae7c55fa0e8a35df7f6ff3c8c1596-Gox6r3BWP22Z,
Jjd6jo4BAY,Active,4,zoe.d963@gmail.com,,Fred Q.,"The YouTube account was delivered as described, with 1k+ subs and monetization",2024-07-31T00:00:00.000Z,9658540425556,youtube,,true,,,,252ae7c55fa0e8a35df7f6ff3c8c1596-Jjd6jo4BAY,
HnTTXG08SKb,Active,5,gregory.y71@gmail.com,,Kyle U.,Great service,2024-07-30T00:00:00.000Z,9033053962580,monetized-tiktok-account,,true,,,,252ae7c55fa0e8a35df7f6ff3c8c1596-HnTTXG08SKb,
c8C89WZ6Ter,Active,5,zoe.h258@gmail.com,,Hank R.,Worked perfectly🤑 ,2024-07-30T00:00:00.000Z,9033053962580,monetized-tiktok-account,,true,,,,252ae7c55fa0e8a35df7f6ff3c8c1596-c8C89WZ6Ter,
WLgIaMagP3D,Active,4,glen.e963@gmail.com,,Hugo O.,smooth procsss,2024-07-30T00:00:00.000Z,9033053962580,monetized-tiktok-account,,true,,,,252ae7c55fa0e8a35df7f6ff3c8c1596-WLgIaMagP3D,
_oT5rKW1-dU,Active,4,lily.x741@gmail.com,,Troy L.,was ready to use,2024-07-30T00:00:00.000Z,9033053962580,monetized-tiktok-account,,true,,,,252ae7c55fa0e8a35df7f6ff3c8c1596-_oT5rKW1-dU,
GIVTFvfFLWx,Active,5,jack.r963@gmail.com,,Drew O.,Already made my first affiliate sale!,2024-07-30T00:00:00.000Z,9636190388564,tiktok-shop-affiliate-account,,true,,,,252ae7c55fa0e8a35df7f6ff3c8c1596-GIVTFvfFLWx,
ygeplylBX5J,Active,5,jack.r963@gmail.com,,Jack L.,Easy setup with tiktok,2024-07-30T00:00:00.000Z,9636190388564,tiktok-shop-affiliate-account,,true,,,,252ae7c55fa0e8a35df7f6ff3c8c1596-ygeplylBX5J,
b-dh-a6zA7Jc,Active,5,grace.j852@gmail.com,,Glenn I.,"got it fast, no issues with tiktok shop",2024-07-30T00:00:00.000Z,9636190388564,tiktok-shop-affiliate-account,,true,,,,252ae7c55fa0e8a35df7f6ff3c8c1596-b-dh-a6zA7Jc,
RZtK8FaRe-Ma,Active,3,dale.b741@gmail.com,,Owen F.,Had some trouble with the payment could have been my wifi though🤪,2024-07-30T00:00:00.000Z,9636190388564,tiktok-shop-affiliate-account,,true,,,,252ae7c55fa0e8a35df7f6ff3c8c1596-RZtK8FaRe-Ma,
92WzXDQYpdfn,Active,5,zoe.d963@gmail.com,,Azura X.,was ddelivered as promised,2024-07-30T00:00:00.000Z,9658540425556,youtube,,true,,,,252ae7c55fa0e8a35df7f6ff3c8c1596-92WzXDQYpdfn,
U6-Fsl-KRB,Active,4,adam.q852@gmail.com,,Lily F.,account was monetized,2024-07-30T00:00:00.000Z,9658540425556,youtube,,true,,,,252ae7c55fa0e8a35df7f6ff3c8c1596-U6-Fsl-KRB,
jIp6FoKSpgV,Active,5,aarav.s.60@yahoo.com,,Aarav S.,came with even more than 10k followers,2024-07-30T00:00:00.000Z,9033053962580,monetized-tiktok-account,,true,,,,252ae7c55fa0e8a35df7f6ff3c8c1596-jIp6FoKSpgV,
abco9NfB1t2,Active,4,charlotte.n.33@hotmail.com,,Charlotte N.,best investment in a long time,2024-07-30T00:00:00.000Z,9658540425556,youtube,,true,,,,252ae7c55fa0e8a35df7f6ff3c8c1596-abco9NfB1t2,
I4SfrmwQBBF,Active,5,jessica.i369@gmail.com,,Aaron V.,Got the accound immediately sp no complaints,2024-07-29T00:00:00.000Z,9033053962580,monetized-tiktok-account,,true,,,,252ae7c55fa0e8a35df7f6ff3c8c1596-I4SfrmwQBBF,
F3beeZUi2uF,Active,5,russell.e159@gmail.com,,Axel S.,Fast delivery,2024-07-29T00:00:00.000Z,9033053962580,monetized-tiktok-account,,true,,,,252ae7c55fa0e8a35df7f6ff3c8c1596-F3beeZUi2uF,
Y0TtlPcbzhd,Active,4,abby.x852@gmail.com,,Seth P.,account was monetized right away and delivered quick,2024-07-29T00:00:00.000Z,9033053962580,monetized-tiktok-account,,true,,,,252ae7c55fa0e8a35df7f6ff3c8c1596-Y0TtlPcbzhd,
sN4ohj5eQI_,Active,4,nelson.i963@gmail.com,,Arad A.,lets start earning then 5 stars,2024-07-29T00:00:00.000Z,9033053962580,monetized-tiktok-account,,true,,,,252ae7c55fa0e8a35df7f6ff3c8c1596-sN4ohj5eQI_,
9--5farD0Bw,Active,5,grace.j852@gmail.com,,Chase P.,connected the account to the tiktok shop ,2024-07-29T00:00:00.000Z,9636190388564,tiktok-shop-affiliate-account,,true,,,,252ae7c55fa0e8a35df7f6ff3c8c1596-9--5farD0Bw,
cXsPpDgRZAr,Active,5,grace.j852@gmail.com,,Max M.,Making money from tiktok dream started!,2024-07-29T00:00:00.000Z,9636190388564,tiktok-shop-affiliate-account,,true,,,,252ae7c55fa0e8a35df7f6ff3c8c1596-cXsPpDgRZAr,
tOfM0HIDhhFW,Active,5,dale.b741@gmail.com,,Frank J.,shop connection smooth,2024-07-29T00:00:00.000Z,9636190388564,tiktok-shop-affiliate-account,,true,,,,252ae7c55fa0e8a35df7f6ff3c8c1596-tOfM0HIDhhFW,
RCs4LzuFdyfB,Active,3,tiffany.n963@gmail.com,,Adam G.,kinda good,2024-07-29T00:00:00.000Z,9636190388564,tiktok-shop-affiliate-account,,true,,,,252ae7c55fa0e8a35df7f6ff3c8c1596-RCs4LzuFdyfB,
F2OwndgqQwYL,Active,5,adam.q852@gmail.com,,Lily F.,already started to earn,2024-07-29T00:00:00.000Z,9658540425556,youtube,,true,,,,252ae7c55fa0e8a35df7f6ff3c8c1596-F2OwndgqQwYL,
yJfywCoA23,Active,4,lily.f741@gmail.com,,Allen G.,"The account came quickly, had over 1k subs, and was monetized. Started earning immediately!!💸💯 ",2024-07-29T00:00:00.000Z,9658540425556,youtube,,true,,,,252ae7c55fa0e8a35df7f6ff3c8c1596-yJfywCoA23,
wLKqSjbqtfg,Active,4,hana.g.78@hotmail.com,,Hana G.,So thankfull for this,2024-07-29T00:00:00.000Z,9033053962580,monetized-tiktok-account,,true,,,,252ae7c55fa0e8a35df7f6ff3c8c1596-wLKqSjbqtfg,
w7JLjkG9Pva,Active,5,anthony.u258@gmail.com,,Levi W.,Exactly what I needed,2024-07-28T00:00:00.000Z,9033053962580,monetized-tiktok-account,,true,,,,252ae7c55fa0e8a35df7f6ff3c8c1596-w7JLjkG9Pva,
'-DQSUp6Q9Tf,Active,5,mia.x852@gmail.com,,Leon T.,no issues,2024-07-28T00:00:00.000Z,9033053962580,monetized-tiktok-account,,true,,,,252ae7c55fa0e8a35df7f6ff3c8c1596--DQSUp6Q9Tf,
WydzVJdMhUe,Active,4,howard.i741@gmail.com,,Reid Q.,"came monetized, no problems at all",2024-07-28T00:00:00.000Z,9033053962580,monetized-tiktok-account,,true,,,,252ae7c55fa0e8a35df7f6ff3c8c1596-WydzVJdMhUe,
0OYVnWukfz0,Active,4,sophia.o852@gmail.com,,Walt N.,"no isues, account was ready to earn",2024-07-28T00:00:00.000Z,9033053962580,monetized-tiktok-account,,true,,,,252ae7c55fa0e8a35df7f6ff3c8c1596-0OYVnWukfz0,
fhSbznFvht4,Active,5,dale.b741@gmail.com,,Grant Q.,"The account was delivered quickly and was ready to use. No issues with the shop, already seeing affiliate earnings.",2024-07-28T00:00:00.000Z,9636190388564,tiktok-shop-affiliate-account,,true,,,,252ae7c55fa0e8a35df7f6ff3c8c1596-fhSbznFvht4,
mlGPOqMcaHg,Active,5,dale.b741@gmail.com,,Noah N.,Great service!!,2024-07-28T00:00:00.000Z,9636190388564,tiktok-shop-affiliate-account,,true,,,,252ae7c55fa0e8a35df7f6ff3c8c1596-mlGPOqMcaHg,
gpS4LYyKtNtT,Active,5,tiffany.n963@gmail.com,,Neil K.,"affiliates works, already making money",2024-07-28T00:00:00.000Z,9636190388564,tiktok-shop-affiliate-account,,true,,,,252ae7c55fa0e8a35df7f6ff3c8c1596-gpS4LYyKtNtT,
poHOShQ5pkO2,Active,3,philip.p852@gmail.com,,Evan H.,"Had 5k directly, gotta start making monehy💸💰",2024-07-28T00:00:00.000Z,9636190388564,tiktok-shop-affiliate-account,,true,,,,252ae7c55fa0e8a35df7f6ff3c8c1596-poHOShQ5pkO2,
OS0vZjz85Chd,Active,5,lily.f741@gmail.com,,Roger G.,Started making money right away🤑 ,2024-07-28T00:00:00.000Z,9658540425556,youtube,,true,,,,252ae7c55fa0e8a35df7f6ff3c8c1596-OS0vZjz85Chd,
5Piqa9GhqY,Active,5,melvin.g963@gmail.com,,Emily A.,already making money! 😍💸,2024-07-28T00:00:00.000Z,9658540425556,youtube,,true,,,,252ae7c55fa0e8a35df7f6ff3c8c1596-5Piqa9GhqY,
LBrUBTGD4s2,Active,4,laila.k.23@yahoo.com,,Laila K.,"1k real subs was worried it whould be bots but no, fantastic👍",2024-07-28T00:00:00.000Z,9658540425556,youtube,,true,,,,252ae7c55fa0e8a35df7f6ff3c8c1596-LBrUBTGD4s2,
e1Zql0D2QlI,Active,5,megan.x753@gmail.com,,Sam X.,"Worked perfectly, the account was already monetized with 10k+ followers",2024-07-27T00:00:00.000Z,9033053962580,monetized-tiktok-account,,true,,,,252ae7c55fa0e8a35df7f6ff3c8c1596-e1Zql0D2QlI,
JThsTSTBjSq,Active,5,oscar.i741@gmail.com,,Gage U.,"Fast and easy, really good",2024-07-27T00:00:00.000Z,9033053962580,monetized-tiktok-account,,true,,,,252ae7c55fa0e8a35df7f6ff3c8c1596-JThsTSTBjSq,
BbGoTkcCdQJ,Active,4,mia.o456@gmail.com,,Troy R.,account was ready to go right away good stuff,2024-07-27T00:00:00.000Z,9033053962580,monetized-tiktok-account,,true,,,,252ae7c55fa0e8a35df7f6ff3c8c1596-BbGoTkcCdQJ,
QXjRrCrX_fB,Active,4,felix.z741@gmail.com,,Kane O.,Got the accound fast directly with over 10k,2024-07-27T00:00:00.000Z,9033053962580,monetized-tiktok-account,,true,,,,252ae7c55fa0e8a35df7f6ff3c8c1596-QXjRrCrX_fB,
5BSxNDRvuYn,Active,5,tiffany.n963@gmail.com,,Ross R.,works good,2024-07-27T00:00:00.000Z,9636190388564,tiktok-shop-affiliate-account,,true,,,,252ae7c55fa0e8a35df7f6ff3c8c1596-5BSxNDRvuYn,
EvXzQdYJBia,Active,5,tiffany.n963@gmail.com,,Liam O.,Already first affiliate payment received🤑,2024-07-27T00:00:00.000Z,9636190388564,tiktok-shop-affiliate-account,,true,,,,252ae7c55fa0e8a35df7f6ff3c8c1596-EvXzQdYJBia,
wETnof6NJMtD,Active,5,philip.p852@gmail.com,,Roy L.,over 5k followers and the delivery was very quick,2024-07-27T00:00:00.000Z,9636190388564,tiktok-shop-affiliate-account,,true,,,,252ae7c55fa0e8a35df7f6ff3c8c1596-wETnof6NJMtD,
X-KLgbUVDA-N,Active,3,rachel.s741@gmail.com,,Dylan I.,works good for now at least,2024-07-27T00:00:00.000Z,9636190388564,tiktok-shop-affiliate-account,,true,,,,252ae7c55fa0e8a35df7f6ff3c8c1596-X-KLgbUVDA-N,
tptqDWEPerX8,Active,5,melvin.g963@gmail.com,,Emily A.,"got it fast, monetized account - already seeing ad revenue",2024-07-27T00:00:00.000Z,9658540425556,youtube,,true,,,,252ae7c55fa0e8a35df7f6ff3c8c1596-tptqDWEPerX8,
tIjO5eXoZv,Active,5,isabel.a852@gmail.com,,Neil Y.,was fully monetized 💸,2024-07-27T00:00:00.000Z,9658540425556,youtube,,true,,,,252ae7c55fa0e8a35df7f6ff3c8c1596-tIjO5eXoZv,
1Gfw9w_IYok,Active,5,patrick.o951@gmail.com,,Ian Y.,Quick setup,2024-07-26T00:00:00.000Z,9033053962580,monetized-tiktok-account,,true,,,,252ae7c55fa0e8a35df7f6ff3c8c1596-1Gfw9w_IYok,
j8el5V4WWE7,Active,5,cindy.o963@gmail.com,,Jett V.,"Perfect account, already monetized and delivered quickly",2024-07-26T00:00:00.000Z,9033053962580,monetized-tiktok-account,,true,,,,252ae7c55fa0e8a35df7f6ff3c8c1596-j8el5V4WWE7,
FsPM1lPWQyM,Active,4,vernon.z963@gmail.com,,Dean S.,setup was smooth and easy👌 ,2024-07-26T00:00:00.000Z,9033053962580,monetized-tiktok-account,,true,,,,252ae7c55fa0e8a35df7f6ff3c8c1596-FsPM1lPWQyM,
zfKkWFkiJQ9,Active,4,amanda.l963@gmail.com,,Bart P.,quick and easy account was monetized,2024-07-26T00:00:00.000Z,9033053962580,monetized-tiktok-account,,true,,,,252ae7c55fa0e8a35df7f6ff3c8c1596-zfKkWFkiJQ9,
eROl9BRDCJE,Active,5,philip.p852@gmail.com,,Todd S.,No problems linking to TikTok Shop,2024-07-26T00:00:00.000Z,9636190388564,tiktok-shop-affiliate-account,,true,,,,252ae7c55fa0e8a35df7f6ff3c8c1596-eROl9BRDCJE,
uXZ6DCWCvpW,Active,5,philip.p852@gmail.com,,Ethan P.,10/10 works nice,2024-07-26T00:00:00.000Z,9636190388564,tiktok-shop-affiliate-account,,true,,,,252ae7c55fa0e8a35df7f6ff3c8c1596-uXZ6DCWCvpW,
cwGS9MfH4gHn,Active,5,rachel.s741@gmail.com,,Tony M.,yeah works,2024-07-26T00:00:00.000Z,9636190388564,tiktok-shop-affiliate-account,,true,,,,252ae7c55fa0e8a35df7f6ff3c8c1596-cwGS9MfH4gHn,
KMZ3f4bzBHfT,Active,3,wayne.v963@gmail.com,,Cole J.,the delivery took a bit longer than I thought.,2024-07-26T00:00:00.000Z,9636190388564,tiktok-shop-affiliate-account,,true,,,,252ae7c55fa0e8a35df7f6ff3c8c1596-KMZ3f4bzBHfT,
ldihE7isoOOh,Active,5,isabel.a852@gmail.com,,Neil Y.,really good,2024-07-26T00:00:00.000Z,9658540425556,youtube,,true,,,,252ae7c55fa0e8a35df7f6ff3c8c1596-ldihE7isoOOh,
IDh2etEZDy,Active,4,byron.y741@gmail.com,,Grace H.,"got it fast, already erning from ads",2024-07-26T00:00:00.000Z,9658540425556,youtube,,true,,,,252ae7c55fa0e8a35df7f6ff3c8c1596-IDh2etEZDy,
kmZ9kb3g-2,Active,5,james.q.31@outlook.com,,James Q.,powell will need to raise intrest rates after I print all this cash,2024-07-26T00:00:00.000Z,9658540425556,youtube,,true,,,,252ae7c55fa0e8a35df7f6ff3c8c1596-kmZ9kb3g-2,
lGVIvWxPstZ,Active,4,jun.d.17@hotmail.com,,Jun D.,delivery was quick👍,2024-07-26T00:00:00.000Z,9636190388564,tiktok-shop-affiliate-account,,true,,,,252ae7c55fa0e8a35df7f6ff3c8c1596-lGVIvWxPstZ,
SSXuCbpO259,Active,5,susan.z159@gmail.com,,Nate Z.,Came just as promised🤝 ,2024-07-25T00:00:00.000Z,9033053962580,monetized-tiktok-account,,true,,,,252ae7c55fa0e8a35df7f6ff3c8c1596-SSXuCbpO259,
iPUq7QSjp-w,Active,5,bruce.z852@gmail.com,,Ford W.,Account was ready from the start worked good,2024-07-25T00:00:00.000Z,9033053962580,monetized-tiktok-account,,true,,,,252ae7c55fa0e8a35df7f6ff3c8c1596-iPUq7QSjp-w,
P0qJmVzaLkr,Active,4,samantha.l852@gmail.com,,Zane T.,no complaints account was ready to monetize,2024-07-25T00:00:00.000Z,9033053962580,monetized-tiktok-account,,true,,,,252ae7c55fa0e8a35df7f6ff3c8c1596-P0qJmVzaLkr,
zyqa-SRFYzm,Active,4,randy.k852@gmail.com,,Cliff Q.,"fast delivery, account was ready to use",2024-07-25T00:00:00.000Z,9033053962580,monetized-tiktok-account,,true,,,,252ae7c55fa0e8a35df7f6ff3c8c1596-zyqa-SRFYzm,
MzRCm1UPu4K,Active,5,rachel.s741@gmail.com,,Blake T.,"fast service, shop connection was no problem, already earning from affiliates💸💰🤑 ",2024-07-25T00:00:00.000Z,9636190388564,tiktok-shop-affiliate-account,,true,,,,252ae7c55fa0e8a35df7f6ff3c8c1596-MzRCm1UPu4K,
vXoA5KAf__p,Active,5,rachel.s741@gmail.com,,Ryan Q.,woorks really good,2024-07-25T00:00:00.000Z,9636190388564,tiktok-shop-affiliate-account,,true,,,,252ae7c55fa0e8a35df7f6ff3c8c1596-vXoA5KAf__p,
gUeEg00HAdGz,Active,5,wayne.v963@gmail.com,,Scott N.,"fast service, shop connected with no issues",2024-07-25T00:00:00.000Z,9636190388564,tiktok-shop-affiliate-account,,true,,,,252ae7c55fa0e8a35df7f6ff3c8c1596-gUeEg00HAdGz,
LacecqPj7Z2D,Active,3,natalie.c852@gmail.com,,Alex K.,The account is working. Had to spend extra time getting everything to work,2024-07-25T00:00:00.000Z,9636190388564,tiktok-shop-affiliate-account,,true,,,,252ae7c55fa0e8a35df7f6ff3c8c1596-LacecqPj7Z2D,
4iP41VMVvcO9,Active,5,byron.y741@gmail.com,,Leah H.,came ready to go,2024-07-25T00:00:00.000Z,9658540425556,youtube,,true,,,,252ae7c55fa0e8a35df7f6ff3c8c1596-4iP41VMVvcO9,
LMP94aQrK6,Active,4,leah.h963@gmail.com,,Tony E.,exactly what i needed,2024-07-25T00:00:00.000Z,9658540425556,youtube,,true,,,,252ae7c55fa0e8a35df7f6ff3c8c1596-LMP94aQrK6,
s5bNCKAmJ03,Active,5,aarav.m.75@gmail.com,,Aarav M.,"account has over 1k subs, perfect",2024-07-25T00:00:00.000Z,9658540425556,youtube,,true,,,,252ae7c55fa0e8a35df7f6ff3c8c1596-s5bNCKAmJ03,
Om2WnL6DhTG,Active,5,jason.l258@gmail.com,,Joel A.,works good,2024-07-24T00:00:00.000Z,9033053962580,monetized-tiktok-account,,true,,,,252ae7c55fa0e8a35df7f6ff3c8c1596-Om2WnL6DhTG,
VWSCfqj8ZeY,Active,5,melissa.l456@gmail.com,,Duke X.,Just uploeaded the first videos but it seems to work,2024-07-24T00:00:00.000Z,9033053962580,monetized-tiktok-account,,true,,,,252ae7c55fa0e8a35df7f6ff3c8c1596-VWSCfqj8ZeY,
bd2B13X73ph,Active,4,blake.k741@gmail.com,,Miles U.,works good,2024-07-24T00:00:00.000Z,9033053962580,monetized-tiktok-account,,true,,,,252ae7c55fa0e8a35df7f6ff3c8c1596-bd2B13X73ph,
V69Ib8j1CUs,Active,4,bella.t741@gmail.com,,Felix R.,no problems account was already monetized,2024-07-24T00:00:00.000Z,9033053962580,monetized-tiktok-account,,true,,,,252ae7c55fa0e8a35df7f6ff3c8c1596-V69Ib8j1CUs,
ADL05lDyYvz,Active,5,wayne.v963@gmail.com,,Brent U.,fast delivery and easy setup  ,2024-07-24T00:00:00.000Z,9636190388564,tiktok-shop-affiliate-account,,true,,,,252ae7c55fa0e8a35df7f6ff3c8c1596-ADL05lDyYvz,
ks7k3jO-RnY,Active,5,wayne.v963@gmail.com,,Luke R.,easy to set up and easy money to make ,2024-07-24T00:00:00.000Z,9636190388564,tiktok-shop-affiliate-account,,true,,,,252ae7c55fa0e8a35df7f6ff3c8c1596-ks7k3jO-RnY,
lKWtQ11hOY6Z,Active,5,natalie.c852@gmail.com,,Kent O.,made 450$ my first 2 weeks,2024-07-24T00:00:00.000Z,9636190388564,tiktok-shop-affiliate-account,,true,,,,252ae7c55fa0e8a35df7f6ff3c8c1596-lKWtQ11hOY6Z,
BOAAGwy0nYj2,Active,3,lester.w741@gmail.com,,Zephyr A.,account had 5k subs just took a bit to long with delivery in my opinion🤔 ,2024-07-24T00:00:00.000Z,9636190388564,tiktok-shop-affiliate-account,,true,,,,252ae7c55fa0e8a35df7f6ff3c8c1596-BOAAGwy0nYj2,
3wI-KCoMbZVu,Active,5,leah.h963@gmail.com,,Fred E.,💸💸,2024-07-24T00:00:00.000Z,9658540425556,youtube,,true,,,,252ae7c55fa0e8a35df7f6ff3c8c1596-3wI-KCoMbZVu,
IeAlE2BjvL,Active,4,troy.e852@gmail.com,,Mia X.,Finally something that works,2024-07-24T00:00:00.000Z,9658540425556,youtube,,true,,,,252ae7c55fa0e8a35df7f6ff3c8c1596-IeAlE2BjvL,
'-qEtyjYcAuC,Active,5,benjamin.r.67@hotmail.com,,Benjamin R.,lk making more than my mom after 5 months,2024-07-24T00:00:00.000Z,9636190388564,tiktok-shop-affiliate-account,,true,,,,252ae7c55fa0e8a35df7f6ff3c8c1596--qEtyjYcAuC,
SFDOKzN_tN2,Active,3,haruto.n.10@outlook.com,,Haruto N.,"I dont understand how to start affiliating products, will contact support they kindly helped me installing the e-sim so I guess it is fine",2024-07-24T00:00:00.000Z,9636190388564,tiktok-shop-affiliate-account,,true,,,,252ae7c55fa0e8a35df7f6ff3c8c1596-SFDOKzN_tN2,
Z_st9sadSKb,Active,5,hannah.k17@gmail.com,,Brad B.,"quick delivery, account was monetized and ready to use. 5/5",2024-07-23T00:00:00.000Z,9033053962580,monetized-tiktok-account,,true,,,,252ae7c55fa0e8a35df7f6ff3c8c1596-Z_st9sadSKb,
70GV5dxcErN,Active,5,adam.k159@gmail.com,,Clay Y.,account was monitiezed and started to make money from the start,2024-07-23T00:00:00.000Z,9033053962580,monetized-tiktok-account,,true,,,,252ae7c55fa0e8a35df7f6ff3c8c1596-70GV5dxcErN,
OX1peWawj0M,Active,4,zoe.t963@gmail.com,,Finn V.,Quick service,2024-07-23T00:00:00.000Z,9033053962580,monetized-tiktok-account,,true,,,,252ae7c55fa0e8a35df7f6ff3c8c1596-OX1peWawj0M,
y4rXzglovqc,Active,4,sean.r963@gmail.com,,Quinn S.,"got it quick, ready to monetize direclty",2024-07-23T00:00:00.000Z,9033053962580,monetized-tiktok-account,,true,,,,252ae7c55fa0e8a35df7f6ff3c8c1596-y4rXzglovqc,
ntvQTA1eDrn,Active,5,natalie.c852@gmail.com,,Keith V.,´connected to the shop straight away,2024-07-23T00:00:00.000Z,9636190388564,tiktok-shop-affiliate-account,,true,,,,252ae7c55fa0e8a35df7f6ff3c8c1596-ntvQTA1eDrn,
BovSmGO4umZ,Active,5,natalie.c852@gmail.com,,Jake S.,The account was ready to use from the get go as promised. I connected to the TikTok Shop with ease and have already earned money from affiliates. Very happy with my purchase!,2024-07-23T00:00:00.000Z,9636190388564,tiktok-shop-affiliate-account,,true,,,,252ae7c55fa0e8a35df7f6ff3c8c1596-BovSmGO4umZ,
PdkhedilyYPY,Active,5,lester.w741@gmail.com,,Greg P.,definlitky works,2024-07-23T00:00:00.000Z,9636190388564,tiktok-shop-affiliate-account,,true,,,,252ae7c55fa0e8a35df7f6ff3c8c1596-PdkhedilyYPY,
Khqk6dbLI_XX,Active,3,zoe.d963@gmail.com,,Orion B.,"no good products found yet, the accont works though",2024-07-23T00:00:00.000Z,9636190388564,tiktok-shop-affiliate-account,,true,,,,252ae7c55fa0e8a35df7f6ff3c8c1596-Khqk6dbLI_XX,
evoJRr5zUAT_,Active,5,troy.e852@gmail.com,,Mia X.,nice ,2024-07-23T00:00:00.000Z,9658540425556,youtube,,true,,,,252ae7c55fa0e8a35df7f6ff3c8c1596-evoJRr5zUAT_,
1w2VWwT81Z,Active,4,mia.x741@gmail.com,,Melvin I.,saved some time,2024-07-23T00:00:00.000Z,9658540425556,youtube,,true,,,,252ae7c55fa0e8a35df7f6ff3c8c1596-1w2VWwT81Z,
7aTnCobsC-,Active,5,hana.n.36@outlook.com,,Hana N.,teaching girls how to become independant is soon paying for my birkin,2024-07-23T00:00:00.000Z,9658540425556,youtube,,true,,,,252ae7c55fa0e8a35df7f6ff3c8c1596-7aTnCobsC-,
qCCcDzqdttm,Active,4,laila.b.96@outlook.com,,Laila B.,boy this is actually amazing,2024-07-23T00:00:00.000Z,9658540425556,youtube,,true,,,,252ae7c55fa0e8a35df7f6ff3c8c1596-qCCcDzqdttm,
7RkHxZ6o7bl,Active,5,eric.m852@gmail.com,,Hugo C.,Very pleased👍 ,2024-07-22T00:00:00.000Z,9033053962580,monetized-tiktok-account,,true,,,,252ae7c55fa0e8a35df7f6ff3c8c1596-7RkHxZ6o7bl,
3hTBfYS9ChM,Active,5,katie.t741@gmail.com,,Troy Z.,had some trouble in the start but made my first dollars now so i am satisfyed,2024-07-22T00:00:00.000Z,9033053962580,monetized-tiktok-account,,true,,,,252ae7c55fa0e8a35df7f6ff3c8c1596-3hTBfYS9ChM,
UVs15EJngYo,Active,4,derek.r852@gmail.com,,Jace W.,accoubnt was ready to go🤝 ,2024-07-22T00:00:00.000Z,9033053962580,monetized-tiktok-account,,true,,,,252ae7c55fa0e8a35df7f6ff3c8c1596-UVs15EJngYo,
fQDatldVDSy,Active,4,natalie.j852@gmail.com,,Omar T.,works  ,2024-07-22T00:00:00.000Z,9033053962580,monetized-tiktok-account,,true,,,,252ae7c55fa0e8a35df7f6ff3c8c1596-fQDatldVDSy,
cFC0UNL8Vp4,Active,5,lester.w741@gmail.com,,Glenn W.,Highly recommend if you wanna make money with affiliate marketing,2024-07-22T00:00:00.000Z,9636190388564,tiktok-shop-affiliate-account,,true,,,,252ae7c55fa0e8a35df7f6ff3c8c1596-cFC0UNL8Vp4,
txmLJDjL7o7,Active,5,lester.w741@gmail.com,,Owen T.,Highly satifsyeud!!,2024-07-22T00:00:00.000Z,9636190388564,tiktok-shop-affiliate-account,,true,,,,252ae7c55fa0e8a35df7f6ff3c8c1596-txmLJDjL7o7,
EJEvmkJy8ono,Active,5,zoe.d963@gmail.com,,Barry Q.,no problems accounted,2024-07-22T00:00:00.000Z,9636190388564,tiktok-shop-affiliate-account,,true,,,,252ae7c55fa0e8a35df7f6ff3c8c1596-EJEvmkJy8ono,
WwH-VSZm6VsH,Active,3,adam.q852@gmail.com,,Cassius C.,account worls had some issues finding the right products,2024-07-22T00:00:00.000Z,9636190388564,tiktok-shop-affiliate-account,,true,,,,252ae7c55fa0e8a35df7f6ff3c8c1596-WwH-VSZm6VsH,
i4VdI488S24u,Active,5,mia.x741@gmail.com,,Maurice I.,The YouTube account was delivered as described,2024-07-22T00:00:00.000Z,9658540425556,youtube,,true,,,,252ae7c55fa0e8a35df7f6ff3c8c1596-i4VdI488S24u,
LD7FQtE-zc,Active,4,roger.i963@gmail.com,,Sophia O.,"fast service, account was monetized, already making money from ads!",2024-07-22T00:00:00.000Z,9658540425556,youtube,,true,,,,252ae7c55fa0e8a35df7f6ff3c8c1596-LD7FQtE-zc,
gxkl-Z4WMXl,Active,5,zara.k.82@hotmail.com,,Zara K.,tiktok shop affiliate program goated fr,2024-07-22T00:00:00.000Z,9033053962580,monetized-tiktok-account,,true,,,,252ae7c55fa0e8a35df7f6ff3c8c1596-gxkl-Z4WMXl,
0csnk6dyHeX,Active,4,amara.n.62@hotmail.com,,Amara N.,rpm is surprisingly good,2024-07-22T00:00:00.000Z,9033053962580,monetized-tiktok-account,,true,,,,252ae7c55fa0e8a35df7f6ff3c8c1596-0csnk6dyHeX,
4t-3EvnUrzZ,Active,5,natalie.t963@gmail.com,,Seth D.,Fast and easy,2024-07-21T00:00:00.000Z,9033053962580,monetized-tiktok-account,,true,,,,252ae7c55fa0e8a35df7f6ff3c8c1596-4t-3EvnUrzZ,
cB7ApkK0ofW,Active,5,sean.r852@gmail.com,,Clint A.,🤑💸💰🥳 ,2024-07-21T00:00:00.000Z,9033053962580,monetized-tiktok-account,,true,,,,252ae7c55fa0e8a35df7f6ff3c8c1596-cB7ApkK0ofW,
KNcpvJZBaIV,Active,4,bella.j456@gmail.com,,Eli X.,aaccount was ready to monetize,2024-07-21T00:00:00.000Z,9033053962580,monetized-tiktok-account,,true,,,,252ae7c55fa0e8a35df7f6ff3c8c1596-KNcpvJZBaIV,
4Y8JH2VeHXa,Active,4,randall.b741@gmail.com,,Boyd U.,came fast and was ready to earn,2024-07-21T00:00:00.000Z,9033053962580,monetized-tiktok-account,,true,,,,252ae7c55fa0e8a35df7f6ff3c8c1596-4Y8JH2VeHXa,
hsQk1UGojik,Active,5,zoe.d963@gmail.com,,Frank X.,"fast delivery, shop connection was no problem, already made some affiliate money💸 🤑 ",2024-07-21T00:00:00.000Z,9636190388564,tiktok-shop-affiliate-account,,true,,,,252ae7c55fa0e8a35df7f6ff3c8c1596-hsQk1UGojik,
SN76ACT_Z57,Active,5,zoe.d963@gmail.com,,Adam U.,works even in Sweden,2024-07-21T00:00:00.000Z,9636190388564,tiktok-shop-affiliate-account,,true,,,,252ae7c55fa0e8a35df7f6ff3c8c1596-SN76ACT_Z57,
OAbUp0ZIXQh8,Active,5,adam.q852@gmail.com,,Wes R.,no problems with tiktok shop surprisingly,2024-07-21T00:00:00.000Z,9636190388564,tiktok-shop-affiliate-account,,true,,,,252ae7c55fa0e8a35df7f6ff3c8c1596-OAbUp0ZIXQh8,
6uk9UhVwO8rK,Active,3,lily.f741@gmail.com,,Marlowe D.,Works good nowbut ran into some difficulties with the tiktok shop connection,2024-07-21T00:00:00.000Z,9636190388564,tiktok-shop-affiliate-account,,true,,,,252ae7c55fa0e8a35df7f6ff3c8c1596-6uk9UhVwO8rK,
'-jJgDxhuJloV,Active,5,roger.i963@gmail.com,,Olivia O.,"everything worked out, account was monitizedd",2024-07-21T00:00:00.000Z,9658540425556,youtube,,true,,,,252ae7c55fa0e8a35df7f6ff3c8c1596--jJgDxhuJloV,
rBHSnXUvt3t,Active,4,emily.o852@gmail.com,,Stuart Z.,"Smooth transaction, quick delivery",2024-07-21T00:00:00.000Z,9658540425556,youtube,,true,,,,252ae7c55fa0e8a35df7f6ff3c8c1596-rBHSnXUvt3t,
5WWAnQuXRGg,Active,5,mateo.m.22@gmail.com,,Mateo M., 💯,2024-07-21T00:00:00.000Z,9658540425556,youtube,,true,,,,252ae7c55fa0e8a35df7f6ff3c8c1596-5WWAnQuXRGg,
YwDroS66FNY,Active,5,samuel.r71@gmail.com,,Reid E.,Monetized and delivered quickly. Couldn’t ask for more!!,2024-07-20T00:00:00.000Z,9033053962580,monetized-tiktok-account,,true,,,,252ae7c55fa0e8a35df7f6ff3c8c1596-YwDroS66FNY,
5ixJgjyNEBa,Active,5,ella.j963@gmail.com,,Walt B.,Just as advertised,2024-07-20T00:00:00.000Z,9033053962580,monetized-tiktok-account,,true,,,,252ae7c55fa0e8a35df7f6ff3c8c1596-5ixJgjyNEBa,
DI7FjALv4La,Active,4,stuart.b852@gmail.com,,Jude Y.,Let's make some $$$!!!,2024-07-20T00:00:00.000Z,9033053962580,monetized-tiktok-account,,true,,,,252ae7c55fa0e8a35df7f6ff3c8c1596-DI7FjALv4La,
FsLykfCy-Ik,Active,4,zoe.n963@gmail.com,,Knox V.,"quick service, account was monetized",2024-07-20T00:00:00.000Z,9033053962580,monetized-tiktok-account,,true,,,,252ae7c55fa0e8a35df7f6ff3c8c1596-FsLykfCy-Ik,
OaicDU1zpvQ,Active,5,zoe.d963@gmail.com,,Neil Y.,smooth setup,2024-07-20T00:00:00.000Z,9636190388564,tiktok-shop-affiliate-account,,true,,,,252ae7c55fa0e8a35df7f6ff3c8c1596-OaicDU1zpvQ,
AFioSY1UvCz,Active,5,adam.q852@gmail.com,,Evan V.,Highly worth it,2024-07-20T00:00:00.000Z,9636190388564,tiktok-shop-affiliate-account,,true,,,,252ae7c55fa0e8a35df7f6ff3c8c1596-AFioSY1UvCz,
zf0R0GG9HiJT,Active,5,lily.f741@gmail.com,,Troy S.,would defenitltily recomend,2024-07-20T00:00:00.000Z,9636190388564,tiktok-shop-affiliate-account,,true,,,,252ae7c55fa0e8a35df7f6ff3c8c1596-zf0R0GG9HiJT,
kLdbcECwMV6H,Active,3,melvin.g963@gmail.com,,Thalia E.,It’s working good it think🤷‍♂️ ,2024-07-20T00:00:00.000Z,9636190388564,tiktok-shop-affiliate-account,,true,,,,252ae7c55fa0e8a35df7f6ff3c8c1596-kLdbcECwMV6H,
TveGHVFHRPZ3,Active,5,emily.o852@gmail.com,,Glen Z.,Started earning immediately,2024-07-20T00:00:00.000Z,9658540425556,youtube,,true,,,,252ae7c55fa0e8a35df7f6ff3c8c1596-TveGHVFHRPZ3,
79cFD8ZMZ11,Active,4,hubert.z741@gmail.com,,Melissa L.,"no problems, account was monetized and had enough followers.",2024-07-20T00:00:00.000Z,9658540425556,youtube,,true,,,,252ae7c55fa0e8a35df7f6ff3c8c1596-79cFD8ZMZ11,
DkCyCT3fC4A,Active,5,chloe.j159@gmail.com,,Troy F.,Smooth process all the way through,2024-07-19T00:00:00.000Z,9033053962580,monetized-tiktok-account,,true,,,,252ae7c55fa0e8a35df7f6ff3c8c1596-DkCyCT3fC4A,
DSrCh8lc57V,Active,5,kenneth.b159@gmail.com,,Kane C.,"Came with 10k followers, monetized right away and quick delivery works as promised",2024-07-19T00:00:00.000Z,9033053962580,monetized-tiktok-account,,true,,,,252ae7c55fa0e8a35df7f6ff3c8c1596-DSrCh8lc57V,
62r0Pz0M-Ss,Active,4,lily.n741@gmail.com,,Cody Z.,"Account came fast and was ready to use, time to crush it!!",2024-07-19T00:00:00.000Z,9033053962580,monetized-tiktok-account,,true,,,,252ae7c55fa0e8a35df7f6ff3c8c1596-62r0Pz0M-Ss,
4gPFC-6fXUH,Active,4,leon.p852@gmail.com,,Kent W.,"fast delivery, account was ready to go",2024-07-19T00:00:00.000Z,9033053962580,monetized-tiktok-account,,true,,,,252ae7c55fa0e8a35df7f6ff3c8c1596-4gPFC-6fXUH,
IUNeLtc5zkU,Active,5,adam.q852@gmail.com,,Roy Z.,"Quick and simple, what more can you ask for",2024-07-19T00:00:00.000Z,9636190388564,tiktok-shop-affiliate-account,,true,,,,252ae7c55fa0e8a35df7f6ff3c8c1596-IUNeLtc5zkU,
8eEHSKl0KAd,Active,5,lily.f741@gmail.com,,Dylan W.,"Super quick delivery, no problems at all",2024-07-19T00:00:00.000Z,9636190388564,tiktok-shop-affiliate-account,,true,,,,252ae7c55fa0e8a35df7f6ff3c8c1596-8eEHSKl0KAd,
eKSVJ9fgR-oY,Active,5,melvin.g963@gmail.com,,Carl T.,shop linked easily righ away already earning from affiliates,2024-07-19T00:00:00.000Z,9636190388564,tiktok-shop-affiliate-account,,true,,,,252ae7c55fa0e8a35df7f6ff3c8c1596-eKSVJ9fgR-oY,
Qwu5IUtdAyrw,Active,3,isabel.a852@gmail.com,,Sören F.,"Account came prepared, anyone know any good products to use?",2024-07-19T00:00:00.000Z,9636190388564,tiktok-shop-affiliate-account,,true,,,,252ae7c55fa0e8a35df7f6ff3c8c1596-Qwu5IUtdAyrw,
Xse_Rbh9lidV,Active,5,hubert.z741@gmail.com,,Melissa L.,setup was smooth,2024-07-19T00:00:00.000Z,9658540425556,youtube,,true,,,,252ae7c55fa0e8a35df7f6ff3c8c1596-Xse_Rbh9lidV,
ZS9RDfg-KNZ,Active,4,melissa.l963@gmail.com,,Norman K.,"The YouTube account was delivered as promised with over 10,000 subscribers and full monetization. Excellent service!",2024-07-19T00:00:00.000Z,9658540425556,youtube,,true,,,,252ae7c55fa0e8a35df7f6ff3c8c1596-ZS9RDfg-KNZ,
iXs0n-Dil0e,Active,5,emma.o.75@yahoo.com,,Emma O.,been struggling to get to 10k but with this its instant!,2024-07-19T00:00:00.000Z,9033053962580,monetized-tiktok-account,,true,,,,252ae7c55fa0e8a35df7f6ff3c8c1596-iXs0n-Dil0e,
npu-R_EdsLj,Active,5,justin.b6@gmail.com,,Dean G.,Ready to go with 10k followers,2024-07-18T00:00:00.000Z,9033053962580,monetized-tiktok-account,,true,,,,252ae7c55fa0e8a35df7f6ff3c8c1596-npu-R_EdsLj,
Fd81VGxbJdF,Active,5,audrey.n852@gmail.com,,Bart D.,works as good as imagined,2024-07-18T00:00:00.000Z,9033053962580,monetized-tiktok-account,,true,,,,252ae7c55fa0e8a35df7f6ff3c8c1596-Fd81VGxbJdF,
sDJApSbxP-S,Active,4,craig.p963@gmail.com,,Bryce A.,"Fast delivery, account was monetized, let's get that cash!!",2024-07-18T00:00:00.000Z,9033053962580,monetized-tiktok-account,,true,,,,252ae7c55fa0e8a35df7f6ff3c8c1596-sDJApSbxP-S,
NjUPcLlyaMT,Active,4,abby.s741@gmail.com,,Jude X.,"no issues at all, account was ready to use",2024-07-18T00:00:00.000Z,9033053962580,monetized-tiktok-account,,true,,,,252ae7c55fa0e8a35df7f6ff3c8c1596-NjUPcLlyaMT,
5x9TOPqc_nS,Active,5,lily.f741@gmail.com,,Tony A.,Connected to TikTok Shop and made my first affiliate sale,2024-07-18T00:00:00.000Z,9636190388564,tiktok-shop-affiliate-account,,true,,,,252ae7c55fa0e8a35df7f6ff3c8c1596-5x9TOPqc_nS,
4drpB-FUfvj,Active,5,melvin.g963@gmail.com,,Cole X.,The account was ready to go and connected to the TikTok Shop without any issues. Already making money from affiliates. Highly recommend!,2024-07-18T00:00:00.000Z,9636190388564,tiktok-shop-affiliate-account,,true,,,,252ae7c55fa0e8a35df7f6ff3c8c1596-4drpB-FUfvj,
4H_9OtVMFRd6,Active,5,isabel.a852@gmail.com,,Reed U.,fast delivery no issues with shop connection👌 ,2024-07-18T00:00:00.000Z,9636190388564,tiktok-shop-affiliate-account,,true,,,,252ae7c55fa0e8a35df7f6ff3c8c1596-4H_9OtVMFRd6,
R8N5mWMOKdlL,Active,3,byron.y741@gmail.com,,Juno G.,"setyp was a bit complicated, had some trouble connecting the tiktok shop. But I think it works now",2024-07-18T00:00:00.000Z,9636190388564,tiktok-shop-affiliate-account,,true,,,,252ae7c55fa0e8a35df7f6ff3c8c1596-R8N5mWMOKdlL,
KYoIYSujr7Jb,Active,5,melissa.l963@gmail.com,,Byron K.,the account was fully monetized. ,2024-07-18T00:00:00.000Z,9658540425556,youtube,,true,,,,252ae7c55fa0e8a35df7f6ff3c8c1596-KYoIYSujr7Jb,
RYhlzURPmQl,Active,4,warren.k852@gmail.com,,Zoe T.,"setup was easy, account was ready to use, already earning.",2024-07-18T00:00:00.000Z,9658540425556,youtube,,true,,,,252ae7c55fa0e8a35df7f6ff3c8c1596-RYhlzURPmQl,
CAaWL_QpOxV,Active,5,alice.n369@gmail.com,,Zane H.,"Quick and simple, account came fully monetized, nothing to complain about",2024-07-17T00:00:00.000Z,9033053962580,monetized-tiktok-account,,true,,,,252ae7c55fa0e8a35df7f6ff3c8c1596-CAaWL_QpOxV,
zSWxRTpCY9k,Active,5,gary.p741@gmail.com,,Cliff E.,Perfect👌,2024-07-17T00:00:00.000Z,9033053962580,monetized-tiktok-account,,true,,,,252ae7c55fa0e8a35df7f6ff3c8c1596-zSWxRTpCY9k,
Y2lYcB6mq8_,Active,4,eva.s852@gmail.com,,Wade B.,"Ready to earn, let's do this!!! Automation to the moon!!!",2024-07-17T00:00:00.000Z,9033053962580,monetized-tiktok-account,,true,,,,252ae7c55fa0e8a35df7f6ff3c8c1596-Y2lYcB6mq8_,
n4LjPycWkG0,Active,4,clifford.v963@gmail.com,,Leo Y.,"came quick, already monetized",2024-07-17T00:00:00.000Z,9033053962580,monetized-tiktok-account,,true,,,,252ae7c55fa0e8a35df7f6ff3c8c1596-n4LjPycWkG0,
f_-y-H8V0s8,Active,5,melvin.g963@gmail.com,,Scott B.,Game changer,2024-07-17T00:00:00.000Z,9636190388564,tiktok-shop-affiliate-account,,true,,,,252ae7c55fa0e8a35df7f6ff3c8c1596-f_-y-H8V0s8,
ZMLIQMO5Ok3,Active,5,isabel.a852@gmail.com,,Alex Y.,"works good, no problem",2024-07-17T00:00:00.000Z,9636190388564,tiktok-shop-affiliate-account,,true,,,,252ae7c55fa0e8a35df7f6ff3c8c1596-ZMLIQMO5Ok3,
IuyKs-PqEl5b,Active,5,byron.y741@gmail.com,,Joel V.,love it❤️🤑 ,2024-07-17T00:00:00.000Z,9636190388564,tiktok-shop-affiliate-account,,true,,,,252ae7c55fa0e8a35df7f6ff3c8c1596-IuyKs-PqEl5b,
8mOviAsBEXsC,Active,3,leah.h963@gmail.com,,Elowen H.,Works good nowe had some trouble int the beginning💰 ,2024-07-17T00:00:00.000Z,9636190388564,tiktok-shop-affiliate-account,,true,,,,252ae7c55fa0e8a35df7f6ff3c8c1596-8mOviAsBEXsC,
solWjeTULY7T,Active,5,warren.k852@gmail.com,,Zoe T.,"got it fast, already earning from ads, perfect service!",2024-07-17T00:00:00.000Z,9658540425556,youtube,,true,,,,252ae7c55fa0e8a35df7f6ff3c8c1596-solWjeTULY7T,
U7VTcuUOwmt,Active,4,olivia.t741@gmail.com,,Roger R.,"The account arrived quickly, fully monetized",2024-07-17T00:00:00.000Z,9658540425556,youtube,,true,,,,252ae7c55fa0e8a35df7f6ff3c8c1596-U7VTcuUOwmt,
QOdM5wmTc06,Active,5,yuki.l.77@gmail.com,,Yuki L.,can't believe people are working regular jobs when this exists,2024-07-17T00:00:00.000Z,9636190388564,tiktok-shop-affiliate-account,,true,,,,252ae7c55fa0e8a35df7f6ff3c8c1596-QOdM5wmTc06,
CLpRJ-zWNZU,Active,4,emma.d.94@hotmail.com,,Emma D.,easily best way to make money online,2024-07-17T00:00:00.000Z,9636190388564,tiktok-shop-affiliate-account,,true,,,,252ae7c55fa0e8a35df7f6ff3c8c1596-CLpRJ-zWNZU,
p2SE8xW42fi,Active,5,victor.p258@gmail.com,,Miles I.,monetized as described,2024-07-16T00:00:00.000Z,9033053962580,monetized-tiktok-account,,true,,,,252ae7c55fa0e8a35df7f6ff3c8c1596-p2SE8xW42fi,
eV8quYyWB4B,Active,5,tiffany.s456@gmail.com,,Felix F.,finally started to make some money from tiktok🤑 ,2024-07-16T00:00:00.000Z,9033053962580,monetized-tiktok-account,,true,,,,252ae7c55fa0e8a35df7f6ff3c8c1596-eV8quYyWB4B,
RcDqNiqUIM5,Active,4,norman.v456@gmail.com,,Drew C.,lets make money,2024-07-16T00:00:00.000Z,9033053962580,monetized-tiktok-account,,true,,,,252ae7c55fa0e8a35df7f6ff3c8c1596-RcDqNiqUIM5,
KcelydX7FjF,Active,4,alice.c852@gmail.com,,Jack Z.,Really good product 💯 ,2024-07-16T00:00:00.000Z,9033053962580,monetized-tiktok-account,,true,,,,252ae7c55fa0e8a35df7f6ff3c8c1596-KcelydX7FjF,
9xOZtOWh14U,Active,5,isabel.a852@gmail.com,,Kent C.,came with 5k followers,2024-07-16T00:00:00.000Z,9636190388564,tiktok-shop-affiliate-account,,true,,,,252ae7c55fa0e8a35df7f6ff3c8c1596-9xOZtOWh14U,
bt1ApGFOr9S,Active,5,byron.y741@gmail.com,,Sean Z.,good,2024-07-16T00:00:00.000Z,9636190388564,tiktok-shop-affiliate-account,,true,,,,252ae7c55fa0e8a35df7f6ff3c8c1596-bt1ApGFOr9S,
XeKWW8T3ZiWj,Active,5,leah.h963@gmail.com,,Clark W.,quick service,2024-07-16T00:00:00.000Z,9636190388564,tiktok-shop-affiliate-account,,true,,,,252ae7c55fa0e8a35df7f6ff3c8c1596-XeKWW8T3ZiWj,
NXofDaCtrRm4,Active,3,troy.e852@gmail.com,,Caius I.,think it works,2024-07-16T00:00:00.000Z,9636190388564,tiktok-shop-affiliate-account,,true,,,,252ae7c55fa0e8a35df7f6ff3c8c1596-NXofDaCtrRm4,
RDNDGI-88OPa,Active,5,olivia.t741@gmail.com,,Marvin R.,The YouTube account was exactly what I needed. Monetized and ready to earn 🤑🤑,2024-07-16T00:00:00.000Z,9658540425556,youtube,,true,,,,252ae7c55fa0e8a35df7f6ff3c8c1596-RDNDGI-88OPa,
lvmr5s8-0-3,Active,4,jack.r963@gmail.com,,Bella J.,"got it fast, monetized account💲 ",2024-07-16T00:00:00.000Z,9658540425556,youtube,,true,,,,252ae7c55fa0e8a35df7f6ff3c8c1596-lvmr5s8-0-3,
lNnEIaAWzf0,Active,4,ling.z.62@yahoo.com,,Ling Z.,"Just buy my 3d account today, going to buy more!",2024-07-16T00:00:00.000Z,9658540425556,youtube,,true,,,,252ae7c55fa0e8a35df7f6ff3c8c1596-lNnEIaAWzf0,
rD4zn-g2VJ3,Active,5,diana.s159@gmail.com,,Finn J.,"Exactly as advertised, hasssle free👌 ",2024-07-15T00:00:00.000Z,9033053962580,monetized-tiktok-account,,true,,,,252ae7c55fa0e8a35df7f6ff3c8c1596-rD4zn-g2VJ3,
va-pQgiDJk6,Active,5,jeffery.v963@gmail.com,,Quinn G.,Monetized right away,2024-07-15T00:00:00.000Z,9033053962580,monetized-tiktok-account,,true,,,,252ae7c55fa0e8a35df7f6ff3c8c1596-va-pQgiDJk6,
t8w5ABNt-tH,Active,4,fiona.c963@gmail.com,,Chase D.,sccount worked gotta see if it is gonna make me some money now,2024-07-15T00:00:00.000Z,9033053962580,monetized-tiktok-account,,true,,,,252ae7c55fa0e8a35df7f6ff3c8c1596-t8w5ABNt-tH,
lvrFuPdDbxV,Active,4,darrell.w741@gmail.com,,Max A.,everything was set up and ready to go💸 ,2024-07-15T00:00:00.000Z,9033053962580,monetized-tiktok-account,,true,,,,252ae7c55fa0e8a35df7f6ff3c8c1596-lvrFuPdDbxV,
qtBTZdfHFKo,Active,5,byron.y741@gmail.com,,Greg D.,"Fast service, account ready to use🤝 ",2024-07-15T00:00:00.000Z,9636190388564,tiktok-shop-affiliate-account,,true,,,,252ae7c55fa0e8a35df7f6ff3c8c1596-qtBTZdfHFKo,
eEK11ZP4yhB,Active,5,leah.h963@gmail.com,,Eric A.,money making g💰 ,2024-07-15T00:00:00.000Z,9636190388564,tiktok-shop-affiliate-account,,true,,,,252ae7c55fa0e8a35df7f6ff3c8c1596-eEK11ZP4yhB,
CPBpAWSjIHKH,Active,5,troy.e852@gmail.com,,Lane X.,"made my first dollars yesterday, cant wait to make more💸💰 ",2024-07-15T00:00:00.000Z,9636190388564,tiktok-shop-affiliate-account,,true,,,,252ae7c55fa0e8a35df7f6ff3c8c1596-CPBpAWSjIHKH,
qD2Il4i5a3fO,Active,3,mia.x741@gmail.com,,Azura J.,"The account came with 5k followers in the beginning, bumped in to some trouble in the beginning with the connection with tiktok shop but npw it works💸🥳",2024-07-15T00:00:00.000Z,9636190388564,tiktok-shop-affiliate-account,,true,,,,252ae7c55fa0e8a35df7f6ff3c8c1596-qD2Il4i5a3fO,
PLsq8PNmvvCA,Active,5,jack.r963@gmail.com,,Bella J.,works as delivered and promised,2024-07-15T00:00:00.000Z,9658540425556,youtube,,true,,,,252ae7c55fa0e8a35df7f6ff3c8c1596-PLsq8PNmvvCA,
zuyFklM2mVg,Active,4,grace.j852@gmail.com,,Adam B.,yeah would recomend,2024-07-15T00:00:00.000Z,9658540425556,youtube,,true,,,,252ae7c55fa0e8a35df7f6ff3c8c1596-zuyFklM2mVg,
oWmLiffUOjk,Active,5,peter.v753@gmail.com,,Jace K.,10/10 service all around,2024-07-14T00:00:00.000Z,9033053962580,monetized-tiktok-account,,true,,,,252ae7c55fa0e8a35df7f6ff3c8c1596-oWmLiffUOjk,
YS3S9gdfcaU,Active,5,sophie.c852@gmail.com,,Omar H.,"Perfectly monetized, no issues at all.",2024-07-14T00:00:00.000Z,9033053962580,monetized-tiktok-account,,true,,,,252ae7c55fa0e8a35df7f6ff3c8c1596-YS3S9gdfcaU,
NlcfutI8KNq,Active,4,kent.w852@gmail.com,,Grant E.,"Fast service, account was monetized",2024-07-14T00:00:00.000Z,9033053962580,monetized-tiktok-account,,true,,,,252ae7c55fa0e8a35df7f6ff3c8c1596-NlcfutI8KNq,
Ks5SEiKIHEs,Active,4,fiona.d963@gmail.com,,Noah B.,Account was ready to use,2024-07-14T00:00:00.000Z,9033053962580,monetized-tiktok-account,,true,,,,252ae7c55fa0e8a35df7f6ff3c8c1596-Ks5SEiKIHEs,
iXf9T5RNU3i,Active,5,leah.h963@gmail.com,,Barry E.,Setting up the TikTok Shop was straightforward and the account came quickly,2024-07-14T00:00:00.000Z,9636190388564,tiktok-shop-affiliate-account,,true,,,,252ae7c55fa0e8a35df7f6ff3c8c1596-iXf9T5RNU3i,
'-iMzZojJdiF,Active,5,troy.e852@gmail.com,,John B.,easy payment,2024-07-14T00:00:00.000Z,9636190388564,tiktok-shop-affiliate-account,,true,,,,252ae7c55fa0e8a35df7f6ff3c8c1596--iMzZojJdiF,
jXinLk3vCHLL,Active,5,mia.x741@gmail.com,,Vince Y.,connected without issues,2024-07-14T00:00:00.000Z,9636190388564,tiktok-shop-affiliate-account,,true,,,,252ae7c55fa0e8a35df7f6ff3c8c1596-jXinLk3vCHLL,
uSp7kISV-Gmp,Active,3,roger.i963@gmail.com,,Evander K.,"It’s a good account, but I expected a quicker start with monetization.",2024-07-14T00:00:00.000Z,9636190388564,tiktok-shop-affiliate-account,,true,,,,252ae7c55fa0e8a35df7f6ff3c8c1596-uSp7kISV-Gmp,
wAtxOj03g8Bq,Active,5,grace.j852@gmail.com,,Allen B., Very pleased with the purchase🤝💰 ,2024-07-14T00:00:00.000Z,9658540425556,youtube,,true,,,,252ae7c55fa0e8a35df7f6ff3c8c1596-wAtxOj03g8Bq,
XSwTFe1Jsc0,Active,3,dale.b741@gmail.com,,Rachel N.,"came ready to go, had some struggle setting the account up",2024-07-14T00:00:00.000Z,9658540425556,youtube,,true,,,,252ae7c55fa0e8a35df7f6ff3c8c1596-XSwTFe1Jsc0,
tePzBVhsVS5,Active,4,kiran.s.70@yahoo.com,,Kiran S.,works fine,2024-07-14T00:00:00.000Z,9636190388564,tiktok-shop-affiliate-account,,true,,,,252ae7c55fa0e8a35df7f6ff3c8c1596-tePzBVhsVS5,
HpDNjNN0sEu,Active,5,michelle.c258@gmail.com,,Eli L.,Delivery was fast and accouint came as described,2024-07-13T00:00:00.000Z,9033053962580,monetized-tiktok-account,,true,,,,252ae7c55fa0e8a35df7f6ff3c8c1596-HpDNjNN0sEu,
DHYxV04ci5_,Active,5,raymond.w741@gmail.com,,Boyd I.,"Fast and simple, what more can ju ask for",2024-07-13T00:00:00.000Z,9033053962580,monetized-tiktok-account,,true,,,,252ae7c55fa0e8a35df7f6ff3c8c1596-DHYxV04ci5_,
sMkpB4ujuQQ,Active,4,nina.d741@gmail.com,,Ross F.,4 stars,2024-07-13T00:00:00.000Z,9033053962580,monetized-tiktok-account,,true,,,,252ae7c55fa0e8a35df7f6ff3c8c1596-sMkpB4ujuQQ,
v-TbFht897p,Active,4,ernest.q852@gmail.com,,Liam C.,fast service,2024-07-13T00:00:00.000Z,9033053962580,monetized-tiktok-account,,true,,,,252ae7c55fa0e8a35df7f6ff3c8c1596-v-TbFht897p,
ETukUqzvKGW,Active,5,troy.e852@gmail.com,,Wes F.,works really good,2024-07-13T00:00:00.000Z,9636190388564,tiktok-shop-affiliate-account,,true,,,,252ae7c55fa0e8a35df7f6ff3c8c1596-ETukUqzvKGW,
COUF4BFL1jF,Active,5,mia.x741@gmail.com,,Paul C.,no issues,2024-07-13T00:00:00.000Z,9636190388564,tiktok-shop-affiliate-account,,true,,,,252ae7c55fa0e8a35df7f6ff3c8c1596-COUF4BFL1jF,
E9LLIMVk3nOJ,Active,5,roger.i963@gmail.com,,Gabe Z.,The account came ready to setup for earning straight away. Would recomend to everyone trying to make money with affiliate marketing!!,2024-07-13T00:00:00.000Z,9636190388564,tiktok-shop-affiliate-account,,true,,,,252ae7c55fa0e8a35df7f6ff3c8c1596-E9LLIMVk3nOJ,
BUWC9AaPZH-G,Active,3,emily.o852@gmail.com,,Peregrine L.,Had somre trouble finding the right products but now it is starting to work,2024-07-13T00:00:00.000Z,9636190388564,tiktok-shop-affiliate-account,,true,,,,252ae7c55fa0e8a35df7f6ff3c8c1596-BUWC9AaPZH-G,
vUQVRio4Kl7y,Active,5,dale.b741@gmail.com,,Ali A.,god product,2024-07-13T00:00:00.000Z,9658540425556,youtube,,true,,,,252ae7c55fa0e8a35df7f6ff3c8c1596-vUQVRio4Kl7y,
oXoFsD7NgUZ,Active,3,tiffany.n963@gmail.com,,Marvin P.,"quick delivery, hassle free dont knwo what to upload🤷‍♂️ ",2024-07-13T00:00:00.000Z,9658540425556,youtube,,true,,,,252ae7c55fa0e8a35df7f6ff3c8c1596-oXoFsD7NgUZ,
j4bo9IZF9QW,Active,5,daniel.w71@gmail.com,,Jude M.,Monetized with 10k+ followers,2024-07-12T00:00:00.000Z,9033053962580,monetized-tiktok-account,,true,,,,252ae7c55fa0e8a35df7f6ff3c8c1596-j4bo9IZF9QW,
y0Q1CpSxKJk,Active,5,isabel.d963@gmail.com,,Knox J.,Worked like a charm,2024-07-12T00:00:00.000Z,9033053962580,monetized-tiktok-account,,true,,,,252ae7c55fa0e8a35df7f6ff3c8c1596-y0Q1CpSxKJk,
x0wAya4owM5,Active,4,todd.q852@gmail.com,,Todd G.,account was ready to monetize,2024-07-12T00:00:00.000Z,9033053962580,monetized-tiktok-account,,true,,,,252ae7c55fa0e8a35df7f6ff3c8c1596-x0wAya4owM5,
23YStxjolpD,Active,4,ella.f741@gmail.com,,Ethan D.,came fast and was ready to earn,2024-07-12T00:00:00.000Z,9033053962580,monetized-tiktok-account,,true,,,,252ae7c55fa0e8a35df7f6ff3c8c1596-23YStxjolpD,
xOf1ZGTv5uR,Active,5,mia.x741@gmail.com,,Troy G.,avery satisfyed,2024-07-12T00:00:00.000Z,9636190388564,tiktok-shop-affiliate-account,,true,,,,252ae7c55fa0e8a35df7f6ff3c8c1596-xOf1ZGTv5uR,
8Q6MoIehyT7,Active,5,roger.i963@gmail.com,,Mark D.,"hassle free, easy money to be made",2024-07-12T00:00:00.000Z,9636190388564,tiktok-shop-affiliate-account,,true,,,,252ae7c55fa0e8a35df7f6ff3c8c1596-8Q6MoIehyT7,
3pnrQvcIXvpY,Active,5,emily.o852@gmail.com,,Beau A.,connected to the shop quickly,2024-07-12T00:00:00.000Z,9636190388564,tiktok-shop-affiliate-account,,true,,,,252ae7c55fa0e8a35df7f6ff3c8c1596-3pnrQvcIXvpY,
uZeVylqQsTBJ,Active,3,hubert.z741@gmail.com,,Indigo M.,workss,2024-07-12T00:00:00.000Z,9636190388564,tiktok-shop-affiliate-account,,true,,,,252ae7c55fa0e8a35df7f6ff3c8c1596-uZeVylqQsTBJ,
qP7fWP-rPF0e,Active,5,tiffany.n963@gmail.com,,Norman P.,Smooth transaction and no trouble with the payment or setup,2024-07-12T00:00:00.000Z,9658540425556,youtube,,true,,,,252ae7c55fa0e8a35df7f6ff3c8c1596-qP7fWP-rPF0e,
E6Z6Lc0xmx8,Active,3,philip.p852@gmail.com,,Alice S.,1k subs when it came,2024-07-12T00:00:00.000Z,9658540425556,youtube,,true,,,,252ae7c55fa0e8a35df7f6ff3c8c1596-E6Z6Lc0xmx8,
rQ8IQn5usk,Active,5,emma.p.46@gmail.com,,Emma P.,the course included is so good!,2024-07-12T00:00:00.000Z,9033053962580,monetized-tiktok-account,,true,,,,252ae7c55fa0e8a35df7f6ff3c8c1596-rQ8IQn5usk,
SyUUfbY2kLd,Active,5,fiona.d963@gmail.com,,Cody N.,Super fast delivery,2024-07-11T00:00:00.000Z,9033053962580,monetized-tiktok-account,,true,,,,252ae7c55fa0e8a35df7f6ff3c8c1596-SyUUfbY2kLd,
faWaTkZuC9A,Active,5,harold.q852@gmail.com,,Kent K.,no trouble  ,2024-07-11T00:00:00.000Z,9033053962580,monetized-tiktok-account,,true,,,,252ae7c55fa0e8a35df7f6ff3c8c1596-faWaTkZuC9A,
cykjGySfplc,Active,4,sarah.f963@gmail.com,,Blake H.,account was already monetized no issues at all,2024-07-11T00:00:00.000Z,9033053962580,monetized-tiktok-account,,true,,,,252ae7c55fa0e8a35df7f6ff3c8c1596-cykjGySfplc,
3b53L1lt-9z,Active,4,kirk.g963@gmail.com,,Ryan E.,"quick delivery, account was already monetized",2024-07-11T00:00:00.000Z,9033053962580,monetized-tiktok-account,,true,,,,252ae7c55fa0e8a35df7f6ff3c8c1596-3b53L1lt-9z,
SNXFCblurV9,Active,5,roger.i963@gmail.com,,Carl H.,connected the account to the tiktok shop with no issues💸 ,2024-07-11T00:00:00.000Z,9636190388564,tiktok-shop-affiliate-account,,true,,,,252ae7c55fa0e8a35df7f6ff3c8c1596-SNXFCblurV9,
KeW2S0M6qj0,Active,5,emily.o852@gmail.com,,Kyle E.,tiktok shop was easier than I thought to set up,2024-07-11T00:00:00.000Z,9636190388564,tiktok-shop-affiliate-account,,true,,,,252ae7c55fa0e8a35df7f6ff3c8c1596-KeW2S0M6qj0,
f34ZBGrJQMBy,Active,4,hubert.z741@gmail.com,,Hank B.,fast delivery,2024-07-11T00:00:00.000Z,9636190388564,tiktok-shop-affiliate-account,,true,,,,252ae7c55fa0e8a35df7f6ff3c8c1596-f34ZBGrJQMBy,
CrlJ7A6njbnm,Active,3,melissa.l963@gmail.com,,Seraphina N.,"account works good, just have to sell noowww",2024-07-11T00:00:00.000Z,9636190388564,tiktok-shop-affiliate-account,,true,,,,252ae7c55fa0e8a35df7f6ff3c8c1596-CrlJ7A6njbnm,
27iH2iiDowSq,Active,4,philip.p852@gmail.com,,Alice S.,no problems,2024-07-11T00:00:00.000Z,9658540425556,youtube,,true,,,,252ae7c55fa0e8a35df7f6ff3c8c1596-27iH2iiDowSq,
kHU9x7-exOU,Active,3,rachel.s71@gmail.com,,Wallace V.,anyone know any good niches?,2024-07-11T00:00:00.000Z,9658540425556,youtube,,true,,,,252ae7c55fa0e8a35df7f6ff3c8c1596-kHU9x7-exOU,
NsWFIuYM4NK,Active,5,lucas.o.94@yahoo.com,,Lucas O.,"pro tip, buy multiple account to print cash",2024-07-11T00:00:00.000Z,9636190388564,tiktok-shop-affiliate-account,,true,,,,252ae7c55fa0e8a35df7f6ff3c8c1596-NsWFIuYM4NK,
HHW59J72lDX,Active,4,kai.r.26@outlook.com,,Kai R.,as expected,2024-07-11T00:00:00.000Z,9636190388564,tiktok-shop-affiliate-account,,true,,,,252ae7c55fa0e8a35df7f6ff3c8c1596-HHW59J72lDX,
jJszbOTZPhT,Active,5,zachary.q852@gmail.com,,Bryce O.,"Worked well, the account was already monetized with 10k followers.",2024-07-10T00:00:00.000Z,9033053962580,monetized-tiktok-account,,true,,,,252ae7c55fa0e8a35df7f6ff3c8c1596-jJszbOTZPhT,
cyOORjN1WZC,Active,5,bella.f159@gmail.com,,Jude L.,"THe account works just as imagined, was monitezed right away and started to make my first money in the first month.",2024-07-10T00:00:00.000Z,9033053962580,monetized-tiktok-account,,true,,,,252ae7c55fa0e8a35df7f6ff3c8c1596-cyOORjN1WZC,
7sALPC_CWex,Active,4,maurice.g852@gmail.com,,Brent I.,quick and easy,2024-07-10T00:00:00.000Z,9033053962580,monetized-tiktok-account,,true,,,,252ae7c55fa0e8a35df7f6ff3c8c1596-7sALPC_CWex,
CoFHM3e_foo,Active,4,laura.a852@gmail.com,,Luke F.,no issues,2024-07-10T00:00:00.000Z,9033053962580,monetized-tiktok-account,,true,,,,252ae7c55fa0e8a35df7f6ff3c8c1596-CoFHM3e_foo,
TBZTPONPxSB,Active,5,emily.o852@gmail.com,,Reed I.,"Just made my first thousand dollars, insane this",2024-07-10T00:00:00.000Z,9636190388564,tiktok-shop-affiliate-account,,true,,,,252ae7c55fa0e8a35df7f6ff3c8c1596-TBZTPONPxSB,
lvxy3HUYduz,Active,5,hubert.z741@gmail.com,,Aaron F.,"got my first check with a couple of hundred dollars, its not everything but it is a good start",2024-07-10T00:00:00.000Z,9636190388564,tiktok-shop-affiliate-account,,true,,,,252ae7c55fa0e8a35df7f6ff3c8c1596-lvxy3HUYduz,
fPLsUK4OKBek,Active,4,melissa.l963@gmail.com,,Axel C.,doubted it would work but I have nothing to complain about,2024-07-10T00:00:00.000Z,9636190388564,tiktok-shop-affiliate-account,,true,,,,252ae7c55fa0e8a35df7f6ff3c8c1596-fPLsUK4OKBek,
oy1ImpCoOvy3,Active,3,warren.k852@gmail.com,,Leander O.,just have to fins product,2024-07-10T00:00:00.000Z,9636190388564,tiktok-shop-affiliate-account,,true,,,,252ae7c55fa0e8a35df7f6ff3c8c1596-oy1ImpCoOvy3,
iTOvrMxiOj68,Active,4,rachel.s741@gmail.com,,Dean V.,The YouTube account was delivered as promised ,2024-07-10T00:00:00.000Z,9658540425556,youtube,,true,,,,252ae7c55fa0e8a35df7f6ff3c8c1596-iTOvrMxiOj68,
KPI6COOls96,Active,3,wayne.v963@gmail.com,,Fiona C.,hard to get views but account was good,2024-07-10T00:00:00.000Z,9658540425556,youtube,,true,,,,252ae7c55fa0e8a35df7f6ff3c8c1596-KPI6COOls96,
PtpBNSF2SHe,Active,5,noah.p.90@yahoo.com,,Noah P.,legit actually,2024-07-10T00:00:00.000Z,9658540425556,youtube,,true,,,,252ae7c55fa0e8a35df7f6ff3c8c1596-PtpBNSF2SHe,
MKeg2UW2FSD,Active,5,karen.f159@gmail.com,,Wade P.,works good,2024-07-09T00:00:00.000Z,9033053962580,monetized-tiktok-account,,true,,,,252ae7c55fa0e8a35df7f6ff3c8c1596-MKeg2UW2FSD,
xAxcY0GEuDm,Active,5,albert.g741@gmail.com,,Leo M.,"came with 10k followers and works good, good for those who live outisde us like miself",2024-07-09T00:00:00.000Z,9033053962580,monetized-tiktok-account,,true,,,,252ae7c55fa0e8a35df7f6ff3c8c1596-xAxcY0GEuDm,
ZjzVRYs5ZZW,Active,4,olivia.a741@gmail.com,,Keith J.,nice,2024-07-09T00:00:00.000Z,9033053962580,monetized-tiktok-account,,true,,,,252ae7c55fa0e8a35df7f6ff3c8c1596-ZjzVRYs5ZZW,
9BsQRDsBR0c,Active,4,allen.y741@gmail.com,,Jake G.,got it quick and it was already monetized,2024-07-09T00:00:00.000Z,9033053962580,monetized-tiktok-account,,true,,,,252ae7c55fa0e8a35df7f6ff3c8c1596-9BsQRDsBR0c,
0DNW09QW9Nx,Active,4,hubert.z741@gmail.com,,Joel J.,it works,2024-07-09T00:00:00.000Z,9636190388564,tiktok-shop-affiliate-account,,true,,,,252ae7c55fa0e8a35df7f6ff3c8c1596-0DNW09QW9Nx,
gULphXce_XV,Active,5,melissa.l963@gmail.com,,Levi G.,account was ready to use and shop was easy to link,2024-07-09T00:00:00.000Z,9636190388564,tiktok-shop-affiliate-account,,true,,,,252ae7c55fa0e8a35df7f6ff3c8c1596-gULphXce_XV,
peGwKb1XYUcv,Active,4,warren.k852@gmail.com,,Leon D.,"shop linked easily, just gotta start earning now🤑 ",2024-07-09T00:00:00.000Z,9636190388564,tiktok-shop-affiliate-account,,true,,,,252ae7c55fa0e8a35df7f6ff3c8c1596-peGwKb1XYUcv,
j4RmAdrgcH4X,Active,5,olivia.t741@gmail.com,,Calista P.,"easy to set up, no issues at all!",2024-07-09T00:00:00.000Z,9658540425556,youtube,,true,,,,252ae7c55fa0e8a35df7f6ff3c8c1596-j4RmAdrgcH4X,
wOjDyunzVRGO,Active,4,wayne.v963@gmail.com,,Fiona C.,no problems with youtube,2024-07-09T00:00:00.000Z,9658540425556,youtube,,true,,,,252ae7c55fa0e8a35df7f6ff3c8c1596-wOjDyunzVRGO,
WpJBnWy-MNR,Active,4,natalie.c852@gmail.com,,Oscar W.,"Fast service, monetized as promised.",2024-07-09T00:00:00.000Z,9658540425556,youtube,,true,,,,252ae7c55fa0e8a35df7f6ff3c8c1596-WpJBnWy-MNR,
rxhmeXMQzij,Active,4,chen.i.95@hotmail.com,,Chen I.,"found a good product, ordered a sample, now earning 500usd/week",2024-07-09T00:00:00.000Z,9636190388564,tiktok-shop-affiliate-account,,true,,,,252ae7c55fa0e8a35df7f6ff3c8c1596-rxhmeXMQzij,
Hv30vagUFQh,Active,5,brandon.g369@gmail.com,,Drew Q.,Good experiencce,2024-07-08T00:00:00.000Z,9033053962580,monetized-tiktok-account,,true,,,,252ae7c55fa0e8a35df7f6ff3c8c1596-Hv30vagUFQh,
MuCVSClMeKg,Active,5,laura.a6@gmail.com,,Jack N.,perffect just perfect,2024-07-08T00:00:00.000Z,9033053962580,monetized-tiktok-account,,true,,,,252ae7c55fa0e8a35df7f6ff3c8c1596-MuCVSClMeKg,
dDSA99lvMcr,Active,4,lester.y852@gmail.com,,Glenn K.,everything was set up easily,2024-07-08T00:00:00.000Z,9033053962580,monetized-tiktok-account,,true,,,,252ae7c55fa0e8a35df7f6ff3c8c1596-dDSA99lvMcr,
i4S5lWLyktO,Active,4,sarah.h963@gmail.com,,Owen H.,Fast and easy to set up already monetized,2024-07-08T00:00:00.000Z,9033053962580,monetized-tiktok-account,,true,,,,252ae7c55fa0e8a35df7f6ff3c8c1596-i4S5lWLyktO,
i99gvdywOZB,Active,5,melissa.l963@gmail.com,,Clark K.,great service!!,2024-07-08T00:00:00.000Z,9636190388564,tiktok-shop-affiliate-account,,true,,,,252ae7c55fa0e8a35df7f6ff3c8c1596-i99gvdywOZB,
'-6tmSuZnR7U,Active,5,warren.k852@gmail.com,,Sam H.,account has over 5k and works with the shop,2024-07-08T00:00:00.000Z,9636190388564,tiktok-shop-affiliate-account,,true,,,,252ae7c55fa0e8a35df7f6ff3c8c1596--6tmSuZnR7U,
XogU1m-x7FIP,Active,4,olivia.t741@gmail.com,,Gage E.,"account came fast, no problems with tiktok shop",2024-07-08T00:00:00.000Z,9636190388564,tiktok-shop-affiliate-account,,true,,,,252ae7c55fa0e8a35df7f6ff3c8c1596-XogU1m-x7FIP,
VJnE_iMZkaTl,Active,5,jack.r963@gmail.com,,Alaric Q.,"account came fast, already monetized",2024-07-08T00:00:00.000Z,9658540425556,youtube,,true,,,,252ae7c55fa0e8a35df7f6ff3c8c1596-VJnE_iMZkaTl,
noMv4sAboyak,Active,4,natalie.c852@gmail.com,,Neil W.,ovcerall good experience,2024-07-08T00:00:00.000Z,9658540425556,youtube,,true,,,,252ae7c55fa0e8a35df7f6ff3c8c1596-noMv4sAboyak,
VbLkc2L45Cq,Active,3,lester.w71@gmail.com,,Ella D.,Had to fix some things,2024-07-08T00:00:00.000Z,9658540425556,youtube,,true,,,,252ae7c55fa0e8a35df7f6ff3c8c1596-VbLkc2L45Cq,
M6e-lWJUQm8,Active,5,olivia.b.77@gmail.com,,Olivia B.,"youtube is the new goldrush, be quick, too easy tbh",2024-07-08T00:00:00.000Z,9658540425556,youtube,,true,,,,252ae7c55fa0e8a35df7f6ff3c8c1596-M6e-lWJUQm8,
PJUhGloClCK,Active,5,noah.e.88@outlook.com,,Noah E.,"will not tell you my niche but my channel is going crazy, hope they remove the niche in the course hehe",2024-07-08T00:00:00.000Z,9658540425556,youtube,,true,,,,252ae7c55fa0e8a35df7f6ff3c8c1596-PJUhGloClCK,
IQSokTIQf,Active,5,olivia.a753@gmail.com,,Chase R.,"No issues, account was delivered monetized",2024-07-07T00:00:00.000Z,9033053962580,monetized-tiktok-account,,true,,,,252ae7c55fa0e8a35df7f6ff3c8c1596-IQSokTIQf,
f3Cb2QcJVT4,Active,5,carl.y852@gmail.com,,Max O.,Quick service,2024-07-07T00:00:00.000Z,9033053962580,monetized-tiktok-account,,true,,,,252ae7c55fa0e8a35df7f6ff3c8c1596-f3Cb2QcJVT4,
j_fUM5RaKRG,Active,4,chloe.h963@gmail.com,,Frank L.,account had over 10k,2024-07-07T00:00:00.000Z,9033053962580,monetized-tiktok-account,,true,,,,252ae7c55fa0e8a35df7f6ff3c8c1596-j_fUM5RaKRG,
bNUMJ2ys-Px,Active,4,oscar.e852@gmail.com,,Adam I.,"came quick, no problems ",2024-07-07T00:00:00.000Z,9033053962580,monetized-tiktok-account,,true,,,,252ae7c55fa0e8a35df7f6ff3c8c1596-bNUMJ2ys-Px,
tRhgwPafTBh,Active,5,warren.k852@gmail.com,,Lane L.,The account was ready to go and was monetized as promised. I connected to the TikTok Shop with ease and have already earned money from affiliates. Very happy with my purchase!,2024-07-07T00:00:00.000Z,9636190388564,tiktok-shop-affiliate-account,,true,,,,252ae7c55fa0e8a35df7f6ff3c8c1596-tRhgwPafTBh,
SyKqCr5WXNe,Active,5,olivia.t741@gmail.com,,Ian I.,easy setup,2024-07-07T00:00:00.000Z,9636190388564,tiktok-shop-affiliate-account,,true,,,,252ae7c55fa0e8a35df7f6ff3c8c1596-SyKqCr5WXNe,
DKNVVnplztcY,Active,4,jack.r963@gmail.com,,Jett F.,fast and easy,2024-07-07T00:00:00.000Z,9636190388564,tiktok-shop-affiliate-account,,true,,,,252ae7c55fa0e8a35df7f6ff3c8c1596-DKNVVnplztcY,
1G1cWzGV2Ry0,Active,5,grace.j852@gmail.com,,Lysandra R.,Already seeing ad revenue🤑 ,2024-07-07T00:00:00.000Z,9658540425556,youtube,,true,,,,252ae7c55fa0e8a35df7f6ff3c8c1596-1G1cWzGV2Ry0,
rDjsEXSrXMw1,Active,5,lester.w741@gmail.com,,Ella D.,got it fast,2024-07-07T00:00:00.000Z,9658540425556,youtube,,true,,,,252ae7c55fa0e8a35df7f6ff3c8c1596-rDjsEXSrXMw1,
_Isr5c7cpYO,Active,3,zoe.d963@gmail.com,,Byron Q.,"Account works, but setup was a bit hard ",2024-07-07T00:00:00.000Z,9658540425556,youtube,,true,,,,252ae7c55fa0e8a35df7f6ff3c8c1596-_Isr5c7cpYO,
JFHFa_ZG3H8,Active,5,mateo.v.92@gmail.com,,Mateo V.,will buy more and build a money machine,2024-07-07T00:00:00.000Z,9033053962580,monetized-tiktok-account,,true,,,,252ae7c55fa0e8a35df7f6ff3c8c1596-JFHFa_ZG3H8,
IiSY0JZBS9T,Active,4,olivia.k.19@outlook.com,,Olivia K.,very nice,2024-07-07T00:00:00.000Z,9033053962580,monetized-tiktok-account,,true,,,,252ae7c55fa0e8a35df7f6ff3c8c1596-IiSY0JZBS9T,
r2qZOunhVT,Active,5,edward.y6@gmail.com,,Grant S.,"Fast delivery and easy setup really good product, already made my first money",2024-07-06T00:00:00.000Z,9033053962580,monetized-tiktok-account,,true,,,,252ae7c55fa0e8a35df7f6ff3c8c1596-r2qZOunhVT,
PyXL_xUflHJ,Active,5,sophia.h741@gmail.com,,Noah P.,suprisingly quick delivery,2024-07-06T00:00:00.000Z,9033053962580,monetized-tiktok-account,,true,,,,252ae7c55fa0e8a35df7f6ff3c8c1596-PyXL_xUflHJ,
rAy89m1aBjU,Active,4,gilbert.e741@gmail.com,,Neil M.,worked well and was ready to monetize,2024-07-06T00:00:00.000Z,9033053962580,monetized-tiktok-account,,true,,,,252ae7c55fa0e8a35df7f6ff3c8c1596-rAy89m1aBjU,
zMgMOctrM1Z,Active,3,mia.x741@gmail.com,,Evan J.,"Account was monetized, but it wasn’t as easy to connect to my tools as I hoped",2024-07-06T00:00:00.000Z,9033053962580,monetized-tiktok-account,,true,,,,252ae7c55fa0e8a35df7f6ff3c8c1596-zMgMOctrM1Z,
szCaJfTb9M9,Active,5,olivia.t741@gmail.com,,Vince M.,"5 videos in the fourth blew up, gonna retire now🤪🤑 ",2024-07-06T00:00:00.000Z,9636190388564,tiktok-shop-affiliate-account,,true,,,,252ae7c55fa0e8a35df7f6ff3c8c1596-szCaJfTb9M9,
PIGNCEDI_9e,Active,5,jack.r963@gmail.com,,Nate J.,really fast delivery and no problemss with payment or setup,2024-07-06T00:00:00.000Z,9636190388564,tiktok-shop-affiliate-account,,true,,,,252ae7c55fa0e8a35df7f6ff3c8c1596-PIGNCEDI_9e,
e43VdDCbGXJf,Active,4,grace.j852@gmail.com,,Ford G.,"delivered quickly, shop setup was no problem",2024-07-06T00:00:00.000Z,9636190388564,tiktok-shop-affiliate-account,,true,,,,252ae7c55fa0e8a35df7f6ff3c8c1596-e43VdDCbGXJf,
Y8818xVFS9cq,Active,5,dale.b741@gmail.com,,Oberon S.,easily set up no problems witrh youtube,2024-07-06T00:00:00.000Z,9658540425556,youtube,,true,,,,252ae7c55fa0e8a35df7f6ff3c8c1596-Y8818xVFS9cq,
D_cgrlgFLnsJ,Active,5,zoe.d963@gmail.com,,Wallace Q.,great service🤝💸 ,2024-07-06T00:00:00.000Z,9658540425556,youtube,,true,,,,252ae7c55fa0e8a35df7f6ff3c8c1596-D_cgrlgFLnsJ,
DCnz9xwtYcI,Active,3,adam.q852@gmail.com,,Kaise M.,neded a bit of extar work,2024-07-06T00:00:00.000Z,9658540425556,youtube,,true,,,,252ae7c55fa0e8a35df7f6ff3c8c1596-DCnz9xwtYcI,
XHliMdwTxo,Active,5,lucy.h258@gmail.com,,Ross T.,Exactly what I needed!!!!,2024-07-05T00:00:00.000Z,9033053962580,monetized-tiktok-account,,true,,,,252ae7c55fa0e8a35df7f6ff3c8c1596-XHliMdwTxo,
eNM4eXYwWXp,Active,5,francis.e963@gmail.com,,Liam Q.,"Worked great, the account was monetized with over 10k followers",2024-07-05T00:00:00.000Z,9033053962580,monetized-tiktok-account,,true,,,,252ae7c55fa0e8a35df7f6ff3c8c1596-eNM4eXYwWXp,
9Q4kvUi0z-7,Active,4,leah.x852@gmail.com,,Roy N.,think its gonna work,2024-07-05T00:00:00.000Z,9033053962580,monetized-tiktok-account,,true,,,,252ae7c55fa0e8a35df7f6ff3c8c1596-9Q4kvUi0z-7,
Rnu0GBwrsoO,Active,3,roger.i963@gmail.com,,Dylan K.,"account was good, gotta start making money now",2024-07-05T00:00:00.000Z,9033053962580,monetized-tiktok-account,,true,,,,252ae7c55fa0e8a35df7f6ff3c8c1596-Rnu0GBwrsoO,
JlsDx4Fy_fp,Active,5,jack.r963@gmail.com,,Gabe N.,tiktok shop was seamless works good,2024-07-05T00:00:00.000Z,9636190388564,tiktok-shop-affiliate-account,,true,,,,252ae7c55fa0e8a35df7f6ff3c8c1596-JlsDx4Fy_fp,
sNMgsJjLVNP,Active,5,grace.j852@gmail.com,,Joel K.,100% worth the money,2024-07-05T00:00:00.000Z,9636190388564,tiktok-shop-affiliate-account,,true,,,,252ae7c55fa0e8a35df7f6ff3c8c1596-sNMgsJjLVNP,
P47fiujT-GDy,Active,4,dale.b741@gmail.com,,Duke H.,tiktok shop is something new,2024-07-05T00:00:00.000Z,9636190388564,tiktok-shop-affiliate-account,,true,,,,252ae7c55fa0e8a35df7f6ff3c8c1596-P47fiujT-GDy,
2v0QosT4dUMG,Active,5,tiffany.n963@gmail.com,,Galadriel T.,Everything was perfect🤝 ,2024-07-05T00:00:00.000Z,9658540425556,youtube,,true,,,,252ae7c55fa0e8a35df7f6ff3c8c1596-2v0QosT4dUMG,
1K7fgOB6pI_g,Active,5,adam.q852@gmail.com,,Sarah F.,came ready to go directly,2024-07-05T00:00:00.000Z,9658540425556,youtube,,true,,,,252ae7c55fa0e8a35df7f6ff3c8c1596-1K7fgOB6pI_g,
wsA71DRbgEo,Active,3,lily.f71@gmail.com,,Neil G.,"Account works fine, I just dont know what to upload to be hones. But overall good qucik delivery as well",2024-07-05T00:00:00.000Z,9658540425556,youtube,,true,,,,252ae7c55fa0e8a35df7f6ff3c8c1596-wsA71DRbgEo,
'-wBvDizZQfi,Active,5,yuki.h.17@gmail.com,,Yuki H.,tiktok shop affiliate is the modern day robin hood,2024-07-05T00:00:00.000Z,9636190388564,tiktok-shop-affiliate-account,,true,,,,252ae7c55fa0e8a35df7f6ff3c8c1596--wBvDizZQfi,
yEjXfFSi67l,Active,4,santiago.b.39@yahoo.com,,Santiago B.,amazing,2024-07-05T00:00:00.000Z,9658540425556,youtube,,true,,,,252ae7c55fa0e8a35df7f6ff3c8c1596-yEjXfFSi67l,
6QuZ8tV2Ok,Active,5,charles.e852@gmail.com,,Todd U.,nice🥳 ,2024-07-04T00:00:00.000Z,9033053962580,monetized-tiktok-account,,true,,,,252ae7c55fa0e8a35df7f6ff3c8c1596-6QuZ8tV2Ok,
dIQ9Fifx9qI,Active,5,leah.x852@gmail.com,,Ethan R.,"just made my first dollars, 5/5 ",2024-07-04T00:00:00.000Z,9033053962580,monetized-tiktok-account,,true,,,,252ae7c55fa0e8a35df7f6ff3c8c1596-dIQ9Fifx9qI,
IX_JqdRjtG7,Active,4,milton.i963@gmail.com,,Tony O.,think it was no issues,2024-07-04T00:00:00.000Z,9033053962580,monetized-tiktok-account,,true,,,,252ae7c55fa0e8a35df7f6ff3c8c1596-IX_JqdRjtG7,
DeX-NvOOY21,Active,3,emily.o852@gmail.com,,Cole L.,"The account wass monetized, but I had to spend extra time getting everything connected",2024-07-04T00:00:00.000Z,9033053962580,monetized-tiktok-account,,true,,,,252ae7c55fa0e8a35df7f6ff3c8c1596-DeX-NvOOY21,
CTfzZA0gnn6,Active,5,grace.j852@gmail.com,,Beau O.,´found some affiliates,2024-07-04T00:00:00.000Z,9636190388564,tiktok-shop-affiliate-account,,true,,,,252ae7c55fa0e8a35df7f6ff3c8c1596-CTfzZA0gnn6,
sgx9oAIhfpm,Active,5,dale.b741@gmail.com,,Brad L.,cam fast,2024-07-04T00:00:00.000Z,9636190388564,tiktok-shop-affiliate-account,,true,,,,252ae7c55fa0e8a35df7f6ff3c8c1596-sgx9oAIhfpm,
9lEjczsuuZSl,Active,4,tiffany.n963@gmail.com,,Clay I.,hoping to start making first month,2024-07-04T00:00:00.000Z,9636190388564,tiktok-shop-affiliate-account,,true,,,,252ae7c55fa0e8a35df7f6ff3c8c1596-9lEjczsuuZSl,
Jlzia33lX8UQ,Active,5,philip.p852@gmail.com,,Eamon U.,monetization active direct,2024-07-04T00:00:00.000Z,9658540425556,youtube,,true,,,,252ae7c55fa0e8a35df7f6ff3c8c1596-Jlzia33lX8UQ,
WH1MzOYxnJZe,Active,5,lily.f741@gmail.com,,Tony G.,easy setup and no problems with youtube,2024-07-04T00:00:00.000Z,9658540425556,youtube,,true,,,,252ae7c55fa0e8a35df7f6ff3c8c1596-WH1MzOYxnJZe,
vZl_9IlAaLq,Active,3,melvin.g963@gmail.com,,Laura A.,took some extra time than I expected,2024-07-04T00:00:00.000Z,9658540425556,youtube,,,,,,252ae7c55fa0e8a35df7f6ff3c8c1596-vZl_9IlAaLq,
D4UreXpc7K7,Active,4,ayaka.a.19@outlook.com,,Ayaka A.,easy and fast,2024-07-04T00:00:00.000Z,9033053962580,monetized-tiktok-account,,true,,,,252ae7c55fa0e8a35df7f6ff3c8c1596-D4UreXpc7K7,
klOtR5Wnog,Active,5,sarah.x17@gmail.com,,Blake V.,no setup needed easy to get it,2024-07-03T00:00:00.000Z,9033053962580,monetized-tiktok-account,,true,,,,252ae7c55fa0e8a35df7f6ff3c8c1596-klOtR5Wnog,
bNLn6hKoOYe,Active,5,leonard.i71@gmail.com,,Ryan S.,account was monitiezed  ,2024-07-03T00:00:00.000Z,9033053962580,monetized-tiktok-account,,true,,,,252ae7c55fa0e8a35df7f6ff3c8c1596-bNLn6hKoOYe,
SA5oOZNOAvn,Active,4,ella.o852@gmail.com,,Scott P.,quick service and account was ready to use,2024-07-03T00:00:00.000Z,9033053962580,monetized-tiktok-account,,true,,,,252ae7c55fa0e8a35df7f6ff3c8c1596-SA5oOZNOAvn,
hPPlh9qbDFd,Active,3,hubert.z741@gmail.com,,Aari A.,took a while to figure it out bit I think it wors now,2024-07-03T00:00:00.000Z,9033053962580,monetized-tiktok-account,,true,,,,252ae7c55fa0e8a35df7f6ff3c8c1596-hPPlh9qbDFd,
uoB3ZEWgELc,Active,5,dale.b741@gmail.com,,Hank P.,Quick and simple👌 ,2024-07-03T00:00:00.000Z,9636190388564,tiktok-shop-affiliate-account,,true,,,,252ae7c55fa0e8a35df7f6ff3c8c1596-uoB3ZEWgELc,
E0RzlJz63iz,Active,5,tiffany.n963@gmail.com,,Hugo M.,didnt know you could earn money with this but it works,2024-07-03T00:00:00.000Z,9636190388564,tiktok-shop-affiliate-account,,true,,,,252ae7c55fa0e8a35df7f6ff3c8c1596-E0RzlJz63iz,
Xyk9thJ_wBJa,Active,4,philip.p852@gmail.com,,Troy J.,quick service👌 ,2024-07-03T00:00:00.000Z,9636190388564,tiktok-shop-affiliate-account,,true,,,,252ae7c55fa0e8a35df7f6ff3c8c1596-Xyk9thJ_wBJa,
4ZXTrNubHHhi,Active,5,rachel.s741@gmail.com,,Isolde V.,"The YouTube account was exactly as described. Great service in my opinion, a must if you do faceless YT!!",2024-07-03T00:00:00.000Z,9658540425556,youtube,,true,,,,252ae7c55fa0e8a35df7f6ff3c8c1596-4ZXTrNubHHhi,
3D4-vjWQdcYP,Active,5,melvin.g963@gmail.com,,Laura A.,"fast delivery, monetized account, already seeing revenue!",2024-07-03T00:00:00.000Z,9658540425556,youtube,,true,,,,252ae7c55fa0e8a35df7f6ff3c8c1596-3D4-vjWQdcYP,
552cpEKkYks,Active,4,malik.r.39@outlook.com,,Malik R.,will by my gf her dream bag this christmas on god,2024-07-03T00:00:00.000Z,9033053962580,monetized-tiktok-account,,true,,,,252ae7c55fa0e8a35df7f6ff3c8c1596-552cpEKkYks,
13RhdKZ0oG,Active,5,philip.i753@gmail.com,,Brent W.,"A must if you want to earn money withg tiktok,",2024-07-02T00:00:00.000Z,9033053962580,monetized-tiktok-account,,true,,,,252ae7c55fa0e8a35df7f6ff3c8c1596-13RhdKZ0oG,
rWl27d7BBeO,Active,5,emily.o456@gmail.com,,Luke T.,"Already monetized, no problems at all",2024-07-02T00:00:00.000Z,9033053962580,monetized-tiktok-account,,true,,,,252ae7c55fa0e8a35df7f6ff3c8c1596-rWl27d7BBeO,
l_q9BOyGjvl,Active,4,douglas.z741@gmail.com,,Kent Q.,fast delivery and account was already monetized,2024-07-02T00:00:00.000Z,9033053962580,monetized-tiktok-account,,true,,,,252ae7c55fa0e8a35df7f6ff3c8c1596-l_q9BOyGjvl,
nizBexqHHVg,Active,3,melissa.l963@gmail.com,,Sean N.,had 11k subs toughtt it wes going to have 10 but I think that works aswell,2024-07-02T00:00:00.000Z,9033053962580,monetized-tiktok-account,,true,,,,252ae7c55fa0e8a35df7f6ff3c8c1596-nizBexqHHVg,
5pANtt7ekXn,Active,5,tiffany.n963@gmail.com,,Axel Q.,came ready works now,2024-07-02T00:00:00.000Z,9636190388564,tiktok-shop-affiliate-account,,true,,,,252ae7c55fa0e8a35df7f6ff3c8c1596-5pANtt7ekXn,
iJS96HaZg3Sn,Active,5,philip.p852@gmail.com,,Ali A. ,nice mashalla💸 ,2024-07-02T00:00:00.000Z,9636190388564,tiktok-shop-affiliate-account,,true,,,,252ae7c55fa0e8a35df7f6ff3c8c1596-iJS96HaZg3Sn,
oyQQz-OL_yg5,Active,4,rachel.s741@gmail.com,,Clint K.,"came fast, account was ready to monetize",2024-07-02T00:00:00.000Z,9636190388564,tiktok-shop-affiliate-account,,true,,,,252ae7c55fa0e8a35df7f6ff3c8c1596-oyQQz-OL_yg5,
PT1vl8LvsjvK,Active,5,wayne.v963@gmail.com,,Ragnar W.,everything went smoothly,2024-07-02T00:00:00.000Z,9658540425556,youtube,,true,,,,252ae7c55fa0e8a35df7f6ff3c8c1596-PT1vl8LvsjvK,
3x4QJqGkDsTQ,Active,4,isabel.a852@gmail.com,,Roger Y.,Setup was easy.,2024-07-02T00:00:00.000Z,9658540425556,youtube,,true,,,,252ae7c55fa0e8a35df7f6ff3c8c1596-3x4QJqGkDsTQ,
01PWkbJ4hqK,Active,4,ayaka.c.53@yahoo.com,,Ayaka C.,1k Subscribers👍,2024-07-02T00:00:00.000Z,9658540425556,youtube,,true,,,,252ae7c55fa0e8a35df7f6ff3c8c1596-01PWkbJ4hqK,
8wu0mKRshe,Active,5,amber.o963@gmail.com,,Juan A.,workrs even in spain!!,2024-07-01T00:00:00.000Z,9033053962580,monetized-tiktok-account,,true,,,,252ae7c55fa0e8a35df7f6ff3c8c1596-8wu0mKRshe,
bjpLsE_xLyZ,Active,5,warren.z963@gmail.com,,Jake U.,the account was ready to earn make money directly,2024-07-01T00:00:00.000Z,9033053962580,monetized-tiktok-account,,true,,,,252ae7c55fa0e8a35df7f6ff3c8c1596-bjpLsE_xLyZ,
I-ffvh7ni98,Active,4,angela.l963@gmail.com,,Greg R.,everything worked good,2024-07-01T00:00:00.000Z,9033053962580,monetized-tiktok-account,,true,,,,252ae7c55fa0e8a35df7f6ff3c8c1596-I-ffvh7ni98,
QFx4iwnOpvp,Active,3,warren.k852@gmail.com,,Eric O.,monitzed on arribal was a bit trouble setting it up,2024-07-01T00:00:00.000Z,9033053962580,monetized-tiktok-account,,true,,,,252ae7c55fa0e8a35df7f6ff3c8c1596-QFx4iwnOpvp,
IJUtdO4kjW9,Active,4,philip.p852@gmail.com,,Leon R.,shop linked,2024-07-01T00:00:00.000Z,9636190388564,tiktok-shop-affiliate-account,,true,,,,252ae7c55fa0e8a35df7f6ff3c8c1596-IJUtdO4kjW9,
V7RrlUkr2VLI,Active,5,rachel.s741@gmail.com,,Reid O.,everything worked,2024-07-01T00:00:00.000Z,9636190388564,tiktok-shop-affiliate-account,,true,,,,252ae7c55fa0e8a35df7f6ff3c8c1596-V7RrlUkr2VLI,
5T7WrHCGBIN7,Active,4,wayne.v963@gmail.com,,Walt L.,good payment servide,2024-07-01T00:00:00.000Z,9636190388564,tiktok-shop-affiliate-account,,true,,,,252ae7c55fa0e8a35df7f6ff3c8c1596-5T7WrHCGBIN7,
mIQ5hlAy8HNf,Active,5,natalie.c852@gmail.com,,Isidore X.,"Connected with ease, started earning after a couple of videos",2024-07-01T00:00:00.000Z,9658540425556,youtube,,true,,,,252ae7c55fa0e8a35df7f6ff3c8c1596-mIQ5hlAy8HNf,
D1d4aeD2lELF,Active,5,byron.y741@gmail.com,,Mia H.,account was monetized and quick delivery,2024-07-01T00:00:00.000Z,9658540425556,youtube,,true,,,,252ae7c55fa0e8a35df7f6ff3c8c1596-D1d4aeD2lELF,
FJpRdNXhiQI,Active,5,mateo.x.98@hotmail.com,,Mateo X.,niche list was sooo good,2024-07-01T00:00:00.000Z,9636190388564,tiktok-shop-affiliate-account,,true,,,,252ae7c55fa0e8a35df7f6ff3c8c1596-FJpRdNXhiQI,
3OJHCbULkev,Active,5,charlotte.w.99@outlook.com,,Charlotte W.,"thank you, so thankfull",2024-07-01T00:00:00.000Z,9658540425556,youtube,,true,,,,252ae7c55fa0e8a35df7f6ff3c8c1596-3OJHCbULkev,
fwYh6tQ8fkH,Active,4,emir.o.25@yahoo.com,,Emir O.,"as promised, approved to the ads",2024-07-01T00:00:00.000Z,9658540425556,youtube,,true,,,,252ae7c55fa0e8a35df7f6ff3c8c1596-fwYh6tQ8fkH,
5rMTqOUUuxN,Active,4,nikita.u.57@hotmail.com,,Nikita U.,easy to start with,2024-06-30T00:00:00.000Z,9658540425556,youtube,,true,,,,252ae7c55fa0e8a35df7f6ff3c8c1596-5rMTqOUUuxN,
vMhPNuuGSvH,Active,5,william.y.45@outlook.com,,William Y.,setup and esim installation was smooth,2024-06-27T00:00:00.000Z,9033053962580,monetized-tiktok-account,,true,,,,252ae7c55fa0e8a35df7f6ff3c8c1596-vMhPNuuGSvH,
neyEW7shn9-,Active,5,liam.z.39@outlook.com,,Liam Z.,"tiktok shop affiliate is a money glitch fr especially if you get multiple accounts, it will accumulate",2024-06-27T00:00:00.000Z,9033053962580,monetized-tiktok-account,,true,,,,252ae7c55fa0e8a35df7f6ff3c8c1596-neyEW7shn9-,
dK02WQH0fU8,Active,5,ethan.m.27@outlook.com,,Ethan M.,youtube is so underated for making money,2024-06-26T00:00:00.000Z,9658540425556,youtube,,true,,,,252ae7c55fa0e8a35df7f6ff3c8c1596-dK02WQH0fU8,
z_C3faW1bok,Active,4,mariam.g.49@hotmail.com,,Mariam G.,"made my first ever 100USD ever, so happy",2024-06-26T00:00:00.000Z,9658540425556,youtube,,true,,,,252ae7c55fa0e8a35df7f6ff3c8c1596-z_C3faW1bok,
N4rdvIPaFsw,Active,5,mariam.i.57@yahoo.com,,Mariam I.,received the account fast with over 1k subs and it is actually organically grown,2024-06-26T00:00:00.000Z,9658540425556,youtube,,true,,,,252ae7c55fa0e8a35df7f6ff3c8c1596-N4rdvIPaFsw,
hLSQpcwUipd,Active,4,priya.g.79@outlook.com,,Priya G.,the youtube course really helped me with this!,2024-06-25T00:00:00.000Z,9658540425556,youtube,,true,,,,252ae7c55fa0e8a35df7f6ff3c8c1596-hLSQpcwUipd,
Ol-406B-8u,Active,5,mason.s.37@hotmail.com,,Mason S.,my account actually had even more than 10k followers and even some money in it from the crp program,2024-06-25T00:00:00.000Z,9033053962580,monetized-tiktok-account,,true,,,,252ae7c55fa0e8a35df7f6ff3c8c1596-Ol-406B-8u,
6VBxsdio3E_,Active,5,ethan.q.33@outlook.com,,Ethan Q.,"almost too good to be true, but it actually is",2024-06-24T00:00:00.000Z,9033053962580,monetized-tiktok-account,,true,,,,252ae7c55fa0e8a35df7f6ff3c8c1596-6VBxsdio3E_,
bYFCyefxZ3L,Active,4,aarav.i.77@outlook.com,,Aarav I.,The YouTube account was exactly what I needed.,2024-06-24T00:00:00.000Z,9658540425556,youtube,,true,,,,252ae7c55fa0e8a35df7f6ff3c8c1596-bYFCyefxZ3L,
YxU0xJ8NAQ,Active,5,chen.e.70@outlook.com,,Chen E.,making money on youtube is too easy,2024-06-24T00:00:00.000Z,9658540425556,youtube,,true,,,,252ae7c55fa0e8a35df7f6ff3c8c1596-YxU0xJ8NAQ,
Cgz3OyNpubS,Active,4,charlotte.v.70@outlook.com,,Charlotte V.,you are my saviour,2024-06-23T00:00:00.000Z,9636190388564,tiktok-shop-affiliate-account,,true,,,,252ae7c55fa0e8a35df7f6ff3c8c1596-Cgz3OyNpubS,
5vtaKwvSLO,Active,5,hana.a.89@yahoo.com,,Hana A.,the niche list is worth it alone,2024-06-23T00:00:00.000Z,9033053962580,monetized-tiktok-account,,true,,,,252ae7c55fa0e8a35df7f6ff3c8c1596-5vtaKwvSLO,
6ptfyx-sJbF,Active,4,anwar.c.78@yahoo.com,,Anwar C.,LOVE IT!!!,2024-06-22T00:00:00.000Z,9636190388564,tiktok-shop-affiliate-account,,true,,,,252ae7c55fa0e8a35df7f6ff3c8c1596-6ptfyx-sJbF,
CP-7I9vx-9,Active,5,jun.b.13@yahoo.com,,Jun B.,fr making rain vids and earning a whole ass salary,2024-06-22T00:00:00.000Z,9658540425556,youtube,,true,,,,252ae7c55fa0e8a35df7f6ff3c8c1596-CP-7I9vx-9,
xwW5h1BuQV,Active,5,lucas.y.77@outlook.com,,Lucas Y.,the value of this is crazy,2024-06-21T00:00:00.000Z,9033053962580,monetized-tiktok-account,,true,,,,252ae7c55fa0e8a35df7f6ff3c8c1596-xwW5h1BuQV,
i8t94dVtUP,Active,5,amara.h.93@yahoo.com,,Amara H.,"works perfectly for my celeb channel, made money from my first post",2024-06-21T00:00:00.000Z,9658540425556,youtube,,true,,,,252ae7c55fa0e8a35df7f6ff3c8c1596-i8t94dVtUP,
N5cGELWkMjI,Active,5,mia.m.56@yahoo.com,https://images.loox.io/uploads/2024/12/1/AZyXqaywCt.jpg,Mia M.,No complaints haha,2024-06-21T00:00:00.000Z,9658540425556,youtube,,true,,,,252ae7c55fa0e8a35df7f6ff3c8c1596-N5cGELWkMjI,
2rlGwZ_ZUXp,Active,4,kiran.c.20@outlook.com,,Kiran C.,As imagined,2024-06-19T00:00:00.000Z,9033053962580,monetized-tiktok-account,,true,,,,252ae7c55fa0e8a35df7f6ff3c8c1596-2rlGwZ_ZUXp,
ORWQCP9HR0u,Active,5,ethan.g.90@yahoo.com,,Ethan G.,tysm,2024-06-17T00:00:00.000Z,9658540425556,youtube,,true,,,,252ae7c55fa0e8a35df7f6ff3c8c1596-ORWQCP9HR0u,
V8mTVNH99oX,Active,5,ethan.d.13@hotmail.com,,Ethan D.,bro it is so easy to sell to theese boomers😮‍💨,2024-06-17T00:00:00.000Z,9636190388564,tiktok-shop-affiliate-account,,true,,,,252ae7c55fa0e8a35df7f6ff3c8c1596-V8mTVNH99oX,
t-IYIfXUpR8,Active,4,sofia.h.17@yahoo.com,,Sofia H.,👍👍,2024-06-17T00:00:00.000Z,9636190388564,tiktok-shop-affiliate-account,,true,,,,252ae7c55fa0e8a35df7f6ff3c8c1596-t-IYIfXUpR8,
o4dMY9LvIY,Active,5,liam.x.79@yahoo.com,,Liam X.,making money from brainrot makes me happy fr,2024-06-17T00:00:00.000Z,9033053962580,monetized-tiktok-account,,true,,,,252ae7c55fa0e8a35df7f6ff3c8c1596-o4dMY9LvIY,
JP3hvCNd-e0,Active,5,noah.k.67@hotmail.com,,Noah K.,all good,2024-06-16T00:00:00.000Z,9033053962580,monetized-tiktok-account,,true,,,,252ae7c55fa0e8a35df7f6ff3c8c1596-JP3hvCNd-e0,
vcnelxotmb,Active,5,yusuf.i.20@hotmail.com,,Yusuf I.,selling to girls is so easy when you understand how they think,2024-06-16T00:00:00.000Z,9636190388564,tiktok-shop-affiliate-account,,true,,,,252ae7c55fa0e8a35df7f6ff3c8c1596-vcnelxotmb,
t6XOagQfeyj,Active,5,isabella.d.67@hotmail.com,,Isabella D.,"deadass, best thing i bought all year",2024-06-15T00:00:00.000Z,9033053962580,monetized-tiktok-account,,true,,,,252ae7c55fa0e8a35df7f6ff3c8c1596-t6XOagQfeyj,
d-V8YLEf17S,Active,5,sophia.p.80@outlook.com,,Sophia P.,"money glitch, especially if you buy multiple accounts and let it compound",2024-06-15T00:00:00.000Z,9658540425556,youtube,,true,,,,252ae7c55fa0e8a35df7f6ff3c8c1596-d-V8YLEf17S,
8gLYKinjOD7,Active,5,liam.t.46@gmail.com,,Liam T.,buying my little brother a ps5 fr,2024-06-15T00:00:00.000Z,9033053962580,monetized-tiktok-account,,true,,,,252ae7c55fa0e8a35df7f6ff3c8c1596-8gLYKinjOD7,
qelYhawMYXe,Active,4,anwar.a.24@hotmail.com,,Anwar A.,10k followrs no bots👍,2024-06-15T00:00:00.000Z,9033053962580,monetized-tiktok-account,,true,,,,252ae7c55fa0e8a35df7f6ff3c8c1596-qelYhawMYXe,
_xA0JkxPP6,Active,5,alejandro.k.58@hotmail.com,,Alejandro K.,if I did not have the e-sim my rpm whould be absolutely cooked but thanks to it thats not the case,2024-06-15T00:00:00.000Z,9033053962580,monetized-tiktok-account,,true,,,,252ae7c55fa0e8a35df7f6ff3c8c1596-_xA0JkxPP6,
z4OfqzOS-xj,Active,5,sophia.f.23@yahoo.com,,Sophia F.,my account's already earning w the tiktok shop affiliate program,2024-06-14T00:00:00.000Z,9636190388564,tiktok-shop-affiliate-account,,true,,,,252ae7c55fa0e8a35df7f6ff3c8c1596-z4OfqzOS-xj,
ZMPWU-2Wel9,Active,5,james.o.10@outlook.com,https://images.loox.io/uploads/2024/12/1/ZVI1PFF_xm.jpg,James O.,After all the yap about the crp program I needed to try it and lets just say the hype is justified,2024-06-14T00:00:00.000Z,9033053962580,monetized-tiktok-account,,true,,,,252ae7c55fa0e8a35df7f6ff3c8c1596-ZMPWU-2Wel9,
8UxXK30Hbd2,Active,4,emir.a.86@hotmail.com,,Emir A.,got the acc and got more than 10k followers even,2024-06-13T00:00:00.000Z,9033053962580,monetized-tiktok-account,,true,,,,252ae7c55fa0e8a35df7f6ff3c8c1596-8UxXK30Hbd2,
1RvuFO3NWm,Active,5,ibrahim.k.37@hotmail.com,,Ibrahim K.,the rpm I get while using the e-sim to target the US is diobolical,2024-06-13T00:00:00.000Z,9033053962580,monetized-tiktok-account,,true,,,,252ae7c55fa0e8a35df7f6ff3c8c1596-1RvuFO3NWm,
ByehKYSnBi,Active,5,zara.f.16@hotmail.com,,Zara F.,crazy that I can sell affiliate products to americans all the way from europe,2024-06-12T00:00:00.000Z,9636190388564,tiktok-shop-affiliate-account,,true,,,,252ae7c55fa0e8a35df7f6ff3c8c1596-ByehKYSnBi,
pbd_9ugCNWI,Active,4,benjamin.l.30@outlook.com,,Benjamin L.,buy 2 accounts and so happy!!,2024-06-11T00:00:00.000Z,9033053962580,monetized-tiktok-account,,true,,,,252ae7c55fa0e8a35df7f6ff3c8c1596-pbd_9ugCNWI,
bqTNhZpTIb,Active,4,ayaka.h.13@outlook.com,,Ayaka H.,"kinda hard choosing a niche from the extensive niche list provided, everything good tho",2024-06-11T00:00:00.000Z,9033053962580,monetized-tiktok-account,,true,,,,252ae7c55fa0e8a35df7f6ff3c8c1596-bqTNhZpTIb,
2lYntqbqiSP,Active,4,santiago.q.87@yahoo.com,,Santiago Q.,no lies,2024-06-10T00:00:00.000Z,9636190388564,tiktok-shop-affiliate-account,,true,,,,252ae7c55fa0e8a35df7f6ff3c8c1596-2lYntqbqiSP,
kLqxp3cSix,Active,5,lucas.u.64@yahoo.com,,Lucas U.,"with the e-sim I get a crazy rpm since I can target the best demograpchic, americans",2024-06-10T00:00:00.000Z,9033053962580,monetized-tiktok-account,,true,,,,252ae7c55fa0e8a35df7f6ff3c8c1596-kLqxp3cSix,
LjtUFmIlb,Active,5,hana.l.87@yahoo.com,,Hana L.,everything like promised,2024-06-09T00:00:00.000Z,9658540425556,youtube,,true,,,,252ae7c55fa0e8a35df7f6ff3c8c1596-LjtUFmIlb,
Gb_v1LvJV4h,Active,4,sakura.d.90@hotmail.com,,Sakura D.,pleased👍,2024-06-09T00:00:00.000Z,9033053962580,monetized-tiktok-account,,true,,,,252ae7c55fa0e8a35df7f6ff3c8c1596-Gb_v1LvJV4h,
_FPUqQhHRV,Active,5,malik.s.94@yahoo.com,,Malik S.,within the first 2 post on the account I got back the money I payed for the account,2024-06-08T00:00:00.000Z,9033053962580,monetized-tiktok-account,,true,,,,252ae7c55fa0e8a35df7f6ff3c8c1596-_FPUqQhHRV,
CrkrnArrA4F,Active,4,laila.i.74@yahoo.com,,Laila I.,no complaints,2024-06-07T00:00:00.000Z,9636190388564,tiktok-shop-affiliate-account,,true,,,,252ae7c55fa0e8a35df7f6ff3c8c1596-CrkrnArrA4F,
z1lxZi8F2T,Active,5,ryo.r.13@hotmail.com,,Ryo R.,sold 5 products from my first tiktok shop affiliate post and got back the money I spent on the account,2024-06-07T00:00:00.000Z,9636190388564,tiktok-shop-affiliate-account,,true,,,,252ae7c55fa0e8a35df7f6ff3c8c1596-z1lxZi8F2T,
D6FRrYE2Gr,Active,5,hana.d.48@gmail.com,,Hana D.,no lies just good product,2024-06-06T00:00:00.000Z,9636190388564,tiktok-shop-affiliate-account,,true,,,,252ae7c55fa0e8a35df7f6ff3c8c1596-D6FRrYE2Gr,
1B0-7InbdFD,Active,4,aarav.o.10@outlook.com,,Aarav O.,"everything as promised, 10k followers, organic & no bots",2024-06-05T00:00:00.000Z,9033053962580,monetized-tiktok-account,,true,,,,252ae7c55fa0e8a35df7f6ff3c8c1596-1B0-7InbdFD,
WsBx3sMZtR,Active,5,laila.f.69@yahoo.com,,Laila F.,when I saw that my first post actually generated money I was so happy,2024-06-05T00:00:00.000Z,9033053962580,monetized-tiktok-account,,true,,,,252ae7c55fa0e8a35df7f6ff3c8c1596-WsBx3sMZtR,
FeaLKX0ZTNV,Active,4,leila.d.47@hotmail.com,,Leila D.,ngl did not belive it was true until I got my first payout today,2024-06-04T00:00:00.000Z,9636190388564,tiktok-shop-affiliate-account,,true,,,,252ae7c55fa0e8a35df7f6ff3c8c1596-FeaLKX0ZTNV,
y4BdkU_yIq,Active,4,leila.v.96@hotmail.com,,Leila V.,Account works fantastic,2024-06-04T00:00:00.000Z,9636190388564,tiktok-shop-affiliate-account,,true,,,,252ae7c55fa0e8a35df7f6ff3c8c1596-y4BdkU_yIq,
z0BwjaguuOu,Active,5,amelia.i.80@outlook.com,,Amelia I.,selling makeup to small girls is too easy,2024-06-03T00:00:00.000Z,9636190388564,tiktok-shop-affiliate-account,,true,,,,252ae7c55fa0e8a35df7f6ff3c8c1596-z0BwjaguuOu,
v13Vrz-U29n,Active,4,dara.y.44@outlook.com,,Dara Y.,affiliate is a cheetcode ngl,2024-06-02T00:00:00.000Z,9636190388564,tiktok-shop-affiliate-account,,true,,,,252ae7c55fa0e8a35df7f6ff3c8c1596-v13Vrz-U29n,
q5MnD02kF,Active,4,priya.p.13@hotmail.com,,Priya P.,thank you I can finally call my occupation: youtuber,2024-06-02T00:00:00.000Z,9658540425556,youtube,,true,,,,252ae7c55fa0e8a35df7f6ff3c8c1596-q5MnD02kF,
lidUuJBhQIB,Active,4,ayaka.p.38@hotmail.com,,Ayaka P.,I love it,2024-06-01T00:00:00.000Z,9658540425556,youtube,,true,,,,252ae7c55fa0e8a35df7f6ff3c8c1596-lidUuJBhQIB,
cZkCwINt1Lf,Active,4,aiko.x.24@outlook.com,,Aiko X.,cant belive it works,2024-05-31T00:00:00.000Z,9636190388564,tiktok-shop-affiliate-account,,true,,,,252ae7c55fa0e8a35df7f6ff3c8c1596-cZkCwINt1Lf,
SIupc0sYTSL,Active,4,dara.x.79@outlook.com,,Dara X.,just fire,2024-05-31T00:00:00.000Z,9033053962580,monetized-tiktok-account,,true,,,,252ae7c55fa0e8a35df7f6ff3c8c1596-SIupc0sYTSL,
EMtvPMsr9A,Active,5,levi.o.33@hotmail.com,,Levi O.,actually works tbh,2024-05-30T00:00:00.000Z,9658540425556,youtube,,true,,,,252ae7c55fa0e8a35df7f6ff3c8c1596-EMtvPMsr9A,
Ha5KHAhGTnU,Active,4,emir.i.80@yahoo.com,,Emir I.,just great product,2024-05-30T00:00:00.000Z,9658540425556,youtube,,true,,,,252ae7c55fa0e8a35df7f6ff3c8c1596-Ha5KHAhGTnU,
DFJuYxXMXjf,Active,4,sofia.y.59@hotmail.com,,Sofia Y.,recomend the finance nieche if you want to earn the most money,2024-05-30T00:00:00.000Z,9658540425556,youtube,,true,,,,252ae7c55fa0e8a35df7f6ff3c8c1596-DFJuYxXMXjf,
Q-uWx7INp_B,Active,5,chloe.w.36@outlook.com,,Chloe W.,works out of the box,2024-05-29T00:00:00.000Z,9658540425556,youtube,,true,,,,252ae7c55fa0e8a35df7f6ff3c8c1596-Q-uWx7INp_B,
j5FMpC47Eyx,Active,5,hana.u.78@hotmail.com,,Hana U.,couldnt be happier,2024-05-29T00:00:00.000Z,9033053962580,monetized-tiktok-account,,true,,,,252ae7c55fa0e8a35df7f6ff3c8c1596-j5FMpC47Eyx,
OKP_S_fiKPn,Active,4,ibrahim.m.86@hotmail.com,,Ibrahim M.,love it,2024-05-29T00:00:00.000Z,9636190388564,tiktok-shop-affiliate-account,,true,,,,252ae7c55fa0e8a35df7f6ff3c8c1596-OKP_S_fiKPn,
z40bIjO3hKP,Active,4,ibrahim.p.10@hotmail.com,,Ibrahim P.,posted 5 videos all flopped but then my 6th got 1m views and netted me 980usd,2024-05-29T00:00:00.000Z,9033053962580,monetized-tiktok-account,,true,,,,252ae7c55fa0e8a35df7f6ff3c8c1596-z40bIjO3hKP,
D6vupNyXeAv,Active,4,aiko.n.86@yahoo.com,,Aiko N.,works well,2024-05-28T00:00:00.000Z,9658540425556,youtube,,true,,,,252ae7c55fa0e8a35df7f6ff3c8c1596-D6vupNyXeAv,
ZZL31Rq2nvp,Active,5,noah.r.28@hotmail.com,,Noah R., the course was great,2024-05-27T00:00:00.000Z,9658540425556,youtube,,true,,,,252ae7c55fa0e8a35df7f6ff3c8c1596-ZZL31Rq2nvp,
FzpTYQJ_9lz,Active,4,mason.e.90@yahoo.com,,Mason E.,got it fast,2024-05-27T00:00:00.000Z,9636190388564,tiktok-shop-affiliate-account,,true,,,,252ae7c55fa0e8a35df7f6ff3c8c1596-FzpTYQJ_9lz,
mFID5QUGuqX,Active,4,sakura.p.21@yahoo.com,,Sakura P.,no issue,2024-05-26T00:00:00.000Z,9636190388564,tiktok-shop-affiliate-account,,true,,,,252ae7c55fa0e8a35df7f6ff3c8c1596-mFID5QUGuqX,
Um4HL_7AqKB,Active,4,mei.l.38@yahoo.com,,Mei L.,fast delivery,2024-05-25T00:00:00.000Z,9658540425556,youtube,,true,,,,252ae7c55fa0e8a35df7f6ff3c8c1596-Um4HL_7AqKB,
2z6z2IKE2Tq,Active,4,jin.s.64@outlook.com,,Jin S.,finally a way to to this from italy,2024-05-24T00:00:00.000Z,9636190388564,tiktok-shop-affiliate-account,,true,,,,252ae7c55fa0e8a35df7f6ff3c8c1596-2z6z2IKE2Tq,
WYomQ9JqkzI,Active,5,aarav.m.39@hotmail.com,https://images.loox.io/uploads/2024/12/1/Y58JBZ4Wv.jpg,Aarav M.,My life will never be the same again,2024-05-24T00:00:00.000Z,9033053962580,monetized-tiktok-account,,true,,,,252ae7c55fa0e8a35df7f6ff3c8c1596-WYomQ9JqkzI,
nA2kPkVlIVR,Active,4,jin.r.78@hotmail.com,,Jin R.,no setup needed so easy,2024-05-23T00:00:00.000Z,9636190388564,tiktok-shop-affiliate-account,,true,,,,252ae7c55fa0e8a35df7f6ff3c8c1596-nA2kPkVlIVR,
7QWiMbWlgN,Active,5,aarav.u.52@outlook.com,,Aarav U.,I thank you on the behalf of my future kids,2024-05-22T00:00:00.000Z,9033053962580,monetized-tiktok-account,,true,,,,252ae7c55fa0e8a35df7f6ff3c8c1596-7QWiMbWlgN,
TiD364c_-Z4,Active,4,benjamin.i.27@yahoo.com,,Benjamin I.,works perfect,2024-05-22T00:00:00.000Z,9636190388564,tiktok-shop-affiliate-account,,true,,,,252ae7c55fa0e8a35df7f6ff3c8c1596-TiD364c_-Z4,
Ylm9hEXS1K_,Active,5,james.i.66@hotmail.com,,James I.,will tell my bros bout this,2024-05-21T00:00:00.000Z,9636190388564,tiktok-shop-affiliate-account,,true,,,,252ae7c55fa0e8a35df7f6ff3c8c1596-Ylm9hEXS1K_,
B_eWzqDSQa9,Active,4,malik.w.12@outlook.com,,Malik W.,when you can make more money with this than nurses can you know its all about working smarter and not harder,2024-05-21T00:00:00.000Z,9658540425556,youtube,,true,,,,252ae7c55fa0e8a35df7f6ff3c8c1596-B_eWzqDSQa9,
YYVg4kCNakx,Active,5,mia.n.18@hotmail.com,,Mia N.,as promised,2024-05-20T00:00:00.000Z,9658540425556,youtube,,true,,,,252ae7c55fa0e8a35df7f6ff3c8c1596-YYVg4kCNakx,
Of8v7T-4eKC,Active,4,anwar.m.92@hotmail.com,,Anwar M.,"got the account, lets make some moneyyyy",2024-05-19T00:00:00.000Z,9033053962580,monetized-tiktok-account,,true,,,,252ae7c55fa0e8a35df7f6ff3c8c1596-Of8v7T-4eKC,
xDCP3TtEev7,Active,4,ethan.g.63@hotmail.com,,Ethan G.,insane that you can make money buy republishing other peoples content with your twist on it,2024-05-19T00:00:00.000Z,9658540425556,youtube,,true,,,,252ae7c55fa0e8a35df7f6ff3c8c1596-xDCP3TtEev7,
qz4-aO7iO8I,Active,5,ethan.f.89@yahoo.com,,Ethan F.,fully monetized as promised,2024-05-17T00:00:00.000Z,9658540425556,youtube,,true,,,,252ae7c55fa0e8a35df7f6ff3c8c1596-qz4-aO7iO8I,
uCF4Vl2zWZ9,Active,4,leila.r.69@hotmail.com,,Leila R.,I recomend you sell to women and moms its to easy to play on their emotions,2024-05-17T00:00:00.000Z,9636190388564,tiktok-shop-affiliate-account,,true,,,,252ae7c55fa0e8a35df7f6ff3c8c1596-uCF4Vl2zWZ9,
hTN8dHKfszT,Active,4,haruto.k.37@outlook.com,,Haruto K.,my dreav when I was a kid was to earn money on youtube and now I live the dream,2024-05-15T00:00:00.000Z,9658540425556,youtube,,true,,,,252ae7c55fa0e8a35df7f6ff3c8c1596-hTN8dHKfszT,
GtESnveVB14,Active,4,kai.c.63@hotmail.com,,Kai C.,feels like magic when I spawn money out of the internet,2024-05-15T00:00:00.000Z,9636190388564,tiktok-shop-affiliate-account,,true,,,,252ae7c55fa0e8a35df7f6ff3c8c1596-GtESnveVB14,
ED-oEg0y1I0,Active,4,ibrahim.w.29@outlook.com,,Ibrahim W.,works its crazy,2024-05-14T00:00:00.000Z,9636190388564,tiktok-shop-affiliate-account,,true,,,,252ae7c55fa0e8a35df7f6ff3c8c1596-ED-oEg0y1I0,
LxztY7x8HrW,Active,4,nina.c.37@outlook.com,,Nina C.,THANKS!,2024-05-13T00:00:00.000Z,9658540425556,youtube,,true,,,,252ae7c55fa0e8a35df7f6ff3c8c1596-LxztY7x8HrW,
RbEmJCddUZm,Active,4,lucas.e.29@yahoo.com,,Lucas E.,"made back the monmey I spent on the account on my first post, crazy fr",2024-05-13T00:00:00.000Z,9033053962580,monetized-tiktok-account,,true,,,,252ae7c55fa0e8a35df7f6ff3c8c1596-RbEmJCddUZm,
Sfni82i_IJw,Active,5,aarav.c.89@gmail.com,,Aarav C.,no problems at all,2024-05-12T00:00:00.000Z,9033053962580,monetized-tiktok-account,,true,,,,252ae7c55fa0e8a35df7f6ff3c8c1596-Sfni82i_IJw,
iajMGd1Hr-9,Active,5,ava.g.36@hotmail.com,https://images.loox.io/uploads/2024/12/1/nhZPuNgQST.jpg,Ava G.,Account definitely works,2024-05-12T00:00:00.000Z,9033053962580,monetized-tiktok-account,,true,,,,252ae7c55fa0e8a35df7f6ff3c8c1596-iajMGd1Hr-9,
lxAVgO1qRtI,Active,5,yuki.e.94@yahoo.com,,Yuki E.,actually no scam!,2024-05-11T00:00:00.000Z,9033053962580,monetized-tiktok-account,,true,,,,252ae7c55fa0e8a35df7f6ff3c8c1596-lxAVgO1qRtI,
ffk3HBN3wpY,Active,5,charlotte.m.67@hotmail.com,,Charlotte M.,5 stars,2024-05-11T00:00:00.000Z,9636190388564,tiktok-shop-affiliate-account,,true,,,,252ae7c55fa0e8a35df7f6ff3c8c1596-ffk3HBN3wpY,
fMdxCxsiClU,Active,4,nina.k.50@outlook.com,,Nina K.,"2 weeks in, 20k followers, 1,5k in revenue",2024-05-11T00:00:00.000Z,9033053962580,monetized-tiktok-account,,true,,,,252ae7c55fa0e8a35df7f6ff3c8c1596-fMdxCxsiClU,
P8ZYKQisg3Q,Active,4,olivia.z.50@hotmail.com,,Olivia Z.,very good,2024-05-10T00:00:00.000Z,9636190388564,tiktok-shop-affiliate-account,,true,,,,252ae7c55fa0e8a35df7f6ff3c8c1596-P8ZYKQisg3Q,
hideqvT3N_g,Active,4,isabella.w.46@yahoo.com,,Isabella W.,making money fromt he internett is not a dream anymore,2024-05-10T00:00:00.000Z,9658540425556,youtube,,true,,,,252ae7c55fa0e8a35df7f6ff3c8c1596-hideqvT3N_g,
tDDgoZhZt-Q,Active,4,santiago.h.45@hotmail.com,,Santiago H.,Im officially a youtuber,2024-05-09T00:00:00.000Z,9658540425556,youtube,,true,,,,252ae7c55fa0e8a35df7f6ff3c8c1596-tDDgoZhZt-Q,
engNpRj47,Active,5,naveed637373@gmail.com,,Mohammed Naveed M.,Mohammed naveed ,2024-05-08T23:33:13.158Z,9033053962580,monetized-crp-account,,,,,,252ae7c55fa0e8a35df7f6ff3c8c1596-engNpRj47,
vWvmgNkYDKh,Active,5,ava.a.14@gmail.com,,Ava A.,the course included is fire,2024-05-08T00:00:00.000Z,9658540425556,youtube,,true,,,,252ae7c55fa0e8a35df7f6ff3c8c1596-vWvmgNkYDKh,
OlANVMx1xoz,Active,4,alejandro.y.17@yahoo.com,,Alejandro Y.,good quality of the acc,2024-05-08T00:00:00.000Z,9033053962580,monetized-tiktok-account,,true,,,,252ae7c55fa0e8a35df7f6ff3c8c1596-OlANVMx1xoz,
KNtlhCqCFaw,Active,4,nina.y.76@hotmail.com,,Nina Y.,the grind to 1k subs is too hard thanks for the shortcut,2024-05-08T00:00:00.000Z,9658540425556,youtube,,true,,,,252ae7c55fa0e8a35df7f6ff3c8c1596-KNtlhCqCFaw,
ugpMmlzCnlO,Active,4,mariam.r.38@outlook.com,,Mariam R.,good,2024-05-07T00:00:00.000Z,9033053962580,monetized-tiktok-account,,true,,,,252ae7c55fa0e8a35df7f6ff3c8c1596-ugpMmlzCnlO,
eyPGqOAbMvt,Active,4,ravi.y.41@outlook.com,,Ravi Y.,"finally I can do this from europe, thank you for finally helping us also make som tiktok money",2024-05-07T00:00:00.000Z,9636190388564,tiktok-shop-affiliate-account,,true,,,,252ae7c55fa0e8a35df7f6ff3c8c1596-eyPGqOAbMvt,
dPXQGYBj96,Active,5,mia.m.56@yahoo.com,,Mia M.,the e-sim saved me im not from us,2024-05-06T00:00:00.000Z,9636190388564,tiktok-shop-affiliate-account,,true,,,,252ae7c55fa0e8a35df7f6ff3c8c1596-dPXQGYBj96,
FnxlVmbNRwv,Active,4,zara.m.44@outlook.com,,Zara M.,top tings,2024-05-06T00:00:00.000Z,9658540425556,youtube,,true,,,,252ae7c55fa0e8a35df7f6ff3c8c1596-FnxlVmbNRwv,
RIBfFUH9cw4,Active,5,aarav.q.74@hotmail.com,https://images.loox.io/uploads/2024/12/1/dccEV55jK.jpg,Aarav Q.,"This is my 3rd account, lets just say this method of making money online is still quite untapped",2024-05-06T00:00:00.000Z,9658540425556,youtube,,true,,,,252ae7c55fa0e8a35df7f6ff3c8c1596-RIBfFUH9cw4,
aT5L0XkUZDZ,Active,4,dara.x.41@yahoo.com,,Dara X.,approved from delivery,2024-05-05T00:00:00.000Z,9636190388564,tiktok-shop-affiliate-account,,true,,,,252ae7c55fa0e8a35df7f6ff3c8c1596-aT5L0XkUZDZ,
6GFSbTan5Pi,Active,4,isabella.t.91@yahoo.com,,Isabella T.,actually good rpm,2024-05-04T00:00:00.000Z,9033053962580,monetized-tiktok-account,,true,,,,252ae7c55fa0e8a35df7f6ff3c8c1596-6GFSbTan5Pi,
satBO9xl_,Active,5,mateo.o.47@outlook.com,,Mateo O.,came with EVERYTHING promised. the esim card + niches were clutch,2024-05-03T00:00:00.000Z,9636190388564,tiktok-shop-affiliate-account,,true,,,,252ae7c55fa0e8a35df7f6ff3c8c1596-satBO9xl_,
nglqBMOiCjc,Active,4,nina.w.97@outlook.com,,Nina W.,feel like jesus fr printing money from the internet,2024-05-03T00:00:00.000Z,9658540425556,youtube,,true,,,,252ae7c55fa0e8a35df7f6ff3c8c1596-nglqBMOiCjc,
VeJw41yiY2u,Active,4,tariq.f.70@hotmail.com,,Tariq F.,my commision from US moms is too good honeslty,2024-05-03T00:00:00.000Z,9636190388564,tiktok-shop-affiliate-account,,true,,,,252ae7c55fa0e8a35df7f6ff3c8c1596-VeJw41yiY2u,
5dHeTxfo0Qu,Active,4,akio.l.36@outlook.com,,Akio L.,feels like I am a magician when I get payouts,2024-05-02T00:00:00.000Z,9636190388564,tiktok-shop-affiliate-account,,true,,,,252ae7c55fa0e8a35df7f6ff3c8c1596-5dHeTxfo0Qu,
astGfxgXCdR,Active,5,olivia.v.63@yahoo.com,,Olivia V.,the subs are actually real,2024-05-01T00:00:00.000Z,9658540425556,youtube,,true,,,,252ae7c55fa0e8a35df7f6ff3c8c1596-astGfxgXCdR,
hlQWefOLtI,Active,5,elijah.d.13@hotmail.com,,Elijah D.,wokrs from Israel!,2024-05-01T00:00:00.000Z,9033053962580,monetized-tiktok-account,,true,,,,252ae7c55fa0e8a35df7f6ff3c8c1596-hlQWefOLtI,
A9wmGpmVbDK,Active,5,ethan.t.97@hotmail.com,,Ethan T.,makin moves $$$,2024-04-30T00:00:00.000Z,9636190388564,tiktok-shop-affiliate-account,,true,,,,252ae7c55fa0e8a35df7f6ff3c8c1596-A9wmGpmVbDK,
QBjhQwq7R1a,Active,4,zara.u.56@yahoo.com,,Zara U.,incredible,2024-04-30T00:00:00.000Z,9033053962580,monetized-tiktok-account,,true,,,,252ae7c55fa0e8a35df7f6ff3c8c1596-QBjhQwq7R1a,
QSbUJPUcC,Active,3,miraacleai@gmail.com,,Josue  O.,Nice,2024-04-29T21:15:31.658Z,9033053962580,monetized-crp-account,,,,,,252ae7c55fa0e8a35df7f6ff3c8c1596-QSbUJPUcC,
zcMUIYRsEd,Active,5,olivia.w.53@hotmail.com,,Olivia W.,will take my wife on our first vacaytion in 4 years,2024-04-29T00:00:00.000Z,9658540425556,youtube,,true,,,,252ae7c55fa0e8a35df7f6ff3c8c1596-zcMUIYRsEd,
Mfjqo2hg5T9,Active,4,ayaka.d.58@hotmail.com,,Ayaka D.,sold 10 today acctually,2024-04-29T00:00:00.000Z,9636190388564,tiktok-shop-affiliate-account,,true,,,,252ae7c55fa0e8a35df7f6ff3c8c1596-Mfjqo2hg5T9,
BED-j2E7SqH,Active,5,aarav.e.92@hotmail.com,,Aarav E.,so thankful,2024-04-28T00:00:00.000Z,9636190388564,tiktok-shop-affiliate-account,,true,,,,252ae7c55fa0e8a35df7f6ff3c8c1596-BED-j2E7SqH,
lFRUGR6F8BM,Active,5,noah.o.76@outlook.com,,Noah O.,easy setup,2024-04-28T00:00:00.000Z,9636190388564,tiktok-shop-affiliate-account,,true,,,,252ae7c55fa0e8a35df7f6ff3c8c1596-lFRUGR6F8BM,
q6jfnzAcE3N,Active,4,nikita.h.47@yahoo.com,,Nikita H.,got my first sale today,2024-04-28T00:00:00.000Z,9636190388564,tiktok-shop-affiliate-account,,true,,,,252ae7c55fa0e8a35df7f6ff3c8c1596-q6jfnzAcE3N,
NLDkRSKu3ac,Active,4,laila.q.64@outlook.com,,Laila Q.,thanks to the US e-sim I can print money in thailand,2024-04-28T00:00:00.000Z,9033053962580,monetized-tiktok-account,,true,,,,252ae7c55fa0e8a35df7f6ff3c8c1596-NLDkRSKu3ac,
gOgIo-yOZRO,Active,4,hana.w.18@yahoo.com,,Hana W.,it is unbelievable how cheap this is when people are organically growing the channel,2024-04-26T00:00:00.000Z,9658540425556,youtube,,true,,,,252ae7c55fa0e8a35df7f6ff3c8c1596-gOgIo-yOZRO,
kuVuGLHT7Uw,Active,4,naomi.k.66@outlook.com,,Naomi K.,commision is insane,2024-04-26T00:00:00.000Z,9636190388564,tiktok-shop-affiliate-account,,true,,,,252ae7c55fa0e8a35df7f6ff3c8c1596-kuVuGLHT7Uw,
9AOBKbi9N,Active,5,asfagf@gmail.com,,Matteo R.,"Great experience! Good value with smooth transaction and quick delivery, rpm is maaaad high!!",2024-04-25T16:46:58.663Z,9033053962580,monetized-crp-account,,,,,,252ae7c55fa0e8a35df7f6ff3c8c1596-9AOBKbi9N,
VfZGikd95,Active,5,agdsafsa@gmail.com,,Paul N.,"Love it, quick delivery and already made my first couple of bucks!!!",2024-04-25T16:45:19.618Z,9033053962580,monetized-crp-account,,,,,,252ae7c55fa0e8a35df7f6ff3c8c1596-VfZGikd95,
WOj93sxoO,Active,4,gasfgadw@gmail.com,,Daniel T.,"works good and smooth payment, no scam",2024-04-25T16:44:06.235Z,9033053962580,monetized-crp-account,,,,,,252ae7c55fa0e8a35df7f6ff3c8c1596-WOj93sxoO,
pOfW1CJ28,Active,4,gasgasga@gmail.com,,Lucas G.,good value and finally it works outside the US,2024-04-25T16:37:28.389Z,9033053962580,monetized-crp-account,,,,,,252ae7c55fa0e8a35df7f6ff3c8c1596-pOfW1CJ28,
iSOwq44t4,Active,4,gasfdarwe@gmail.com,,Richard L.,"quick delivery and smooth payment, would recommend",2024-04-25T16:35:45.296Z,9033053962580,monetized-crp-account,,,,,,252ae7c55fa0e8a35df7f6ff3c8c1596-iSOwq44t4,
udPZb1gth,Active,5,asfasgfafwfda@gmail.com,,Max O.,made my first 100 dollars just a couple of days efter starting this!!!!,2024-04-25T16:33:47.962Z,9033053962580,monetized-crp-account,,,,,,252ae7c55fa0e8a35df7f6ff3c8c1596-udPZb1gth,
HnLb-Da7Q,Active,5,asflasfasf@gmail.com,,Pat L.,"works well, quick delivery",2024-04-25T16:32:55.242Z,9033053962580,monetized-crp-account,,,,,,252ae7c55fa0e8a35df7f6ff3c8c1596-HnLb-Da7Q,
25sbgxMde,Active,5,gaisghad@gmail.com,,Mike Y.,"if you're serious about TikTok growth, don't think twice about investing in this account.",2024-04-25T16:31:26.345Z,9033053962580,monetized-crp-account,,,,,,252ae7c55fa0e8a35df7f6ff3c8c1596-25sbgxMde,
aDbshlVLy,Active,5,talksjfga@gmail.com,,Vlad K.,"just bought my second account, really high roi and looking to invest in more. TikTok empire incoming!!!",2024-04-25T16:29:26.583Z,9033053962580,monetized-crp-account,,,,,,252ae7c55fa0e8a35df7f6ff3c8c1596-aDbshlVLy,
0TVH0_ztF,Active,4,safasfasf@gmail.com,,Alba K.,works good,2024-04-25T16:28:26.484Z,9033053962580,monetized-crp-account,,,,,,252ae7c55fa0e8a35df7f6ff3c8c1596-0TVH0_ztF,
u4JbQZsjq,Active,5,gaeafsaf@gmail.com,,Vincent G.,Been trying to get on the creativity program for so long. Finally something that works,2024-04-25T16:25:44.566Z,9033053962580,monetized-crp-account,,,,,,252ae7c55fa0e8a35df7f6ff3c8c1596-u4JbQZsjq,
iHqnMKOnQ,Active,4,aslfkha@gmail.com,,Tara h.,works good this far and with REALLY big rpm. The buy was smooth and quick delivery as well. ,2024-04-25T16:24:03.671Z,9033053962580,monetized-crp-account,,,,,,252ae7c55fa0e8a35df7f6ff3c8c1596-iHqnMKOnQ,
tK3kdzLM0,Active,5,Kagsga@gmail.com,,Kris o.,Awesome stuff!!!!,2024-04-25T16:23:05.655Z,9033053962580,monetized-crp-account,,,,,,252ae7c55fa0e8a35df7f6ff3c8c1596-tK3kdzLM0,
6hJzHdS7U,Active,4,galksghas@gmail.com,,Russ M.,good rpm and quick getting the account ,2024-04-25T16:21:09.041Z,9033053962580,monetized-crp-account,,,,,,252ae7c55fa0e8a35df7f6ff3c8c1596-6hJzHdS7U,
9F606Su5K,Active,5,gaksjgasfas@gmail.com,,Connor B.,"finally a account that actually works and with great rpm value, highly recomrnd",2024-04-25T16:19:14.042Z,9033053962580,monetized-crp-account,,,,,,252ae7c55fa0e8a35df7f6ff3c8c1596-9F606Su5K,
kHWmLBbVT,Active,4,alsfasfegk@gmail.com,,Lidya E.,great value and smooth transaction,2024-04-25T16:17:49.537Z,9033053962580,monetized-crp-account,,,,,,252ae7c55fa0e8a35df7f6ff3c8c1596-kHWmLBbVT,
HFF5zkv7C,Active,5,lgkajad@gmail.com,,Bruno L.,"Absolutely phenomenal! This TikTok account exceeded all my wildest expectations, great value.",2024-04-25T16:15:53.574Z,9033053962580,monetized-crp-account,,,,,,252ae7c55fa0e8a35df7f6ff3c8c1596-HFF5zkv7C,
dun5ViQhZ,Active,4,gaielhg@gmail.com,,Allie G.,100% worth it,2024-04-25T16:15:03.791Z,9033053962580,monetized-crp-account,,,,,,252ae7c55fa0e8a35df7f6ff3c8c1596-dun5ViQhZ,
d9ttvd0zz,Active,5,aosgha@gmail.com,,Ron W.,"works really well, got a 1,32 rpm on the first video",2024-04-25T15:57:08.215Z,9033053962580,monetized-crp-account,,,,,,252ae7c55fa0e8a35df7f6ff3c8c1596-d9ttvd0zz,
6p_rkbJPw,Active,4,aglekjahg@gmail.com,,Aaron J.,"great experience, good value and smooth payment",2024-04-25T15:50:56.525Z,9033053962580,monetized-crp-account,,,,,,252ae7c55fa0e8a35df7f6ff3c8c1596-6p_rkbJPw,
OTZHAXPFn,Active,5,gasoghsawoer@gmail.com,,Vik C.,Such easy money. smooth payment and quick delivery,2024-04-25T15:49:14.074Z,9033053962580,monetized-crp-account,,,,,,252ae7c55fa0e8a35df7f6ff3c8c1596-OTZHAXPFn,
HqribkVc0,Active,4,asfohaeffa@gmail.com,,Yuri A.,works well,2024-04-25T15:47:45.381Z,9033053962580,monetized-crp-account,,,,,,252ae7c55fa0e8a35df7f6ff3c8c1596-HqribkVc0,
nyIr3_8N2,Active,5,agslkgha@gmail.com,,Kevin L.,"Instant success, jyst earned my first money on the first video",2024-04-25T15:46:18.354Z,9033053962580,monetized-crp-account,,,,,,252ae7c55fa0e8a35df7f6ff3c8c1596-nyIr3_8N2,
YmNDzUOFd,Active,4,gasgaega@gmail.com,,Marcus A.,it actually works,2024-04-25T15:45:03.382Z,9033053962580,monetized-crp-account,,,,,,252ae7c55fa0e8a35df7f6ff3c8c1596-YmNDzUOFd,
z8Z8no3dB,Active,5,gaelkg@gmail.com,,Erdin K.,"Excited to finally make some money, so thrilled this work outside of the US as well",2024-04-25T15:43:25.201Z,9033053962580,monetized-crp-account,,,,,,252ae7c55fa0e8a35df7f6ff3c8c1596-z8Z8no3dB,
4znqrEp2Y,Active,5,asgha@gmail.com,,Clara R.,Thrilled with the results! This account brought my TikTok dreams to life,2024-04-25T15:41:34.314Z,9033053962580,monetized-crp-account,,,,,,252ae7c55fa0e8a35df7f6ff3c8c1596-4znqrEp2Y,
CGgchxT9K,Active,5,gaoekgh@gmail.com,,Ethan G.,Awesome quick delivery and gooood rpm,2024-04-25T15:36:08.705Z,9033053962580,monetized-crp-account,,,,,,252ae7c55fa0e8a35df7f6ff3c8c1596-CGgchxT9K,
8C546-mjcE,Active,4,ageoig@gmail.com,,Olivia A.,"works very good, thanks!!",2024-04-25T15:34:53.704Z,9033053962580,monetized-crp-account,,,,,,252ae7c55fa0e8a35df7f6ff3c8c1596-8C546-mjcE,
5CRcaqGtA,Active,5,aslgha@gmail.com,,Arthur A.,"awesome product, so happy it works outside of the US as well. easy purchase and quick delivery",2024-04-25T15:32:44.433Z,9033053962580,monetized-crp-account,,,,,,252ae7c55fa0e8a35df7f6ff3c8c1596-5CRcaqGtA,
XAgB9NICO,Active,5,goashadfs@gmail.com,,Robin Q.,rpm is mad,2024-04-25T15:30:53.664Z,9033053962580,monetized-crp-account,,,,,,252ae7c55fa0e8a35df7f6ff3c8c1596-XAgB9NICO,
JeTa03wYr,Active,4,aliodsh@gmail.com,,Arthur M.,"seriously good investmennt, strongly recomend",2024-04-25T15:28:51.511Z,9033053962580,monetized-crp-account,,,,,,252ae7c55fa0e8a35df7f6ff3c8c1596-JeTa03wYr,
mzVwNI7UR,Active,4,faogei@gmail.com,,Danny R.,"1,4 rpm, automation to TikTok to the mooooon!!!
",2024-04-25T15:27:19.640Z,9033053962580,monetized-crp-account,,,,,,252ae7c55fa0e8a35df7f6ff3c8c1596-mzVwNI7UR,
oR8duJb6t,Active,5,aglekga@gmail.com,,Edin a.,"Never knew posting videos online would make me this much money, thank god it works from Moldova as well.",2024-04-25T15:23:16.968Z,9033053962580,monetized-crp-account,,,,,,252ae7c55fa0e8a35df7f6ff3c8c1596-oR8duJb6t,
5jTgVju-y,Active,4,gaoeiga@gmail.com,,Tobi H.,making money on my first posts didn't know it was this easy,2024-04-25T15:21:22.339Z,9033053962580,monetized-crp-account,,,,,,252ae7c55fa0e8a35df7f6ff3c8c1596-5jTgVju-y,
P-AY5GTzq,Active,5,galeijkgh@gmail.com,,Abraham O.,Works very good. The account generates a very high rpm and the delivery was very quick.,2024-04-25T15:16:14.120Z,9033053962580,monetized-crp-account,,,,,,252ae7c55fa0e8a35df7f6ff3c8c1596-P-AY5GTzq,
RfN6lPgYF,Active,5,agekgh@gmail.com,,Sirena G.,Highly recomend,2024-04-25T15:15:06.334Z,9033053962580,monetized-crp-account,,,,,,252ae7c55fa0e8a35df7f6ff3c8c1596-RfN6lPgYF,
T1-IW37ha,Active,4,gealkjgh@gmail.com,,David B.,The ROI on this TikTok account is off the charts,2024-04-25T15:12:26.897Z,9033053962580,monetized-crp-account,,,,,,252ae7c55fa0e8a35df7f6ff3c8c1596-T1-IW37ha,
V14lf5VUA,Active,5,akefkjh@gmail.com,,Leo F.,works so good with really high rpm,2024-04-25T15:11:18.201Z,9033053962580,monetized-crp-account,,,,,,252ae7c55fa0e8a35df7f6ff3c8c1596-V14lf5VUA,
xkQHMQZwJ,Active,4,agkegh@gmail.com,,ally R.,easy payment quick delivry,2024-04-25T15:09:14.614Z,9033053962580,monetized-crp-account,,,,,,252ae7c55fa0e8a35df7f6ff3c8c1596-xkQHMQZwJ,
s2iSirrXJ,Active,4,algkeha@gmail.com,,Chaime L.,Been trying automation for a while now and this is a game changer,2024-04-25T15:07:28.308Z,9033053962580,monetized-crp-account,,,,,,252ae7c55fa0e8a35df7f6ff3c8c1596-s2iSirrXJ,
'-5ZxUaVwO,Active,5,agekaf@gmail.com,,Matt L.,"didn't think it would work but boy was I wrong, really high rpm and very quick delivery",2024-04-25T15:05:48.504Z,9033053962580,monetized-crp-account,,,,,,252ae7c55fa0e8a35df7f6ff3c8c1596--5ZxUaVwO,
1hBnj9mZ3,Active,5,oaighepogih@gmail.com,,Chris T.,This makes TikTok automation so much easier and more valuable. Thank you!!!,2024-04-25T15:04:08.551Z,9033053962580,monetized-crp-account,,,,,,252ae7c55fa0e8a35df7f6ff3c8c1596-1hBnj9mZ3,
KWyhvtMj6,Active,4,galkh@gmail.com,,Abby L.,works good and very high rpm,2024-04-25T15:03:18.048Z,9033053962580,monetized-crp-account,,,,,,252ae7c55fa0e8a35df7f6ff3c8c1596-KWyhvtMj6,
Styz8Dn7q,Active,5,kheogihl@gmail.com,,Sam L.,very good value,2024-04-25T15:02:30.621Z,9033053962580,monetized-crp-account,,,,,,252ae7c55fa0e8a35df7f6ff3c8c1596-Styz8Dn7q,
82wtA5uaR,Active,5,gaejhg@gmail.com,,Solomon K.,smooth delivery and easy payment,2024-04-25T15:01:08.340Z,9033053962580,monetized-crp-account,,,,,,252ae7c55fa0e8a35df7f6ff3c8c1596-82wtA5uaR,
_x2CYHzPK,Active,5,pafjepkfj@gmail.com,,Nick T.,"Bough three accounts, all three with an rpm of over 1 dollar. Insane value!",2024-04-25T14:58:19.155Z,9033053962580,monetized-crp-account,,,,,,252ae7c55fa0e8a35df7f6ff3c8c1596-_x2CYHzPK,
M_DPcWFJP,Active,4,agejgah@gmail.com,,Osman P.,"Love the simplicity so easy, finally it works outside of the us as well.",2024-04-25T14:55:27.006Z,9033053962580,monetized-crp-account,,,,,,252ae7c55fa0e8a35df7f6ff3c8c1596-M_DPcWFJP,
YUjki_hhSO,Active,3,gagaeougo@gmail.com,,Lia Y.,good and high rpm hasn't uploaded enough videos yet,2024-04-25T14:01:17.401Z,9033053962580,monetized-crp-account,,,,,,252ae7c55fa0e8a35df7f6ff3c8c1596-YUjki_hhSO,
k8sQ3ZOle,Active,5,gaekg@gmail.com,,Alec v.,"Has worked extremely good, high rpm and very easy and fast delivery, didn't think it would work in Bulgaria. Will definitely recommend.",2024-04-25T13:59:11.290Z,9033053962580,monetized-crp-account,,,,,,252ae7c55fa0e8a35df7f6ff3c8c1596-k8sQ3ZOle,
SAxivhkLQ1,Active,4,lijgwt@gmail.com,,Laura P.,high rpm ,2024-04-25T13:57:34.244Z,9033053962580,monetized-crp-account,,,,,,252ae7c55fa0e8a35df7f6ff3c8c1596-SAxivhkLQ1,
Kc6MDJ-EL,Active,5,gaelkgh@gmail.com,,Orlando T.,So glad I stumbled upon this opportunity! This works so good,2024-04-25T13:56:01.074Z,9033053962580,monetized-crp-account,,,,,,252ae7c55fa0e8a35df7f6ff3c8c1596-Kc6MDJ-EL,
m9vrdoFng,Active,4,gelakgj@gmail.com,,Andrew L.,good stuff,2024-04-25T13:52:38.714Z,9033053962580,monetized-crp-account,,,,,,252ae7c55fa0e8a35df7f6ff3c8c1596-m9vrdoFng,
_SDQEf6qt,Active,5,fkejafp@gmail.com,,Abi A.,Best worth out there,2024-04-25T13:48:24.254Z,9033053962580,monetized-crp-account,,,,,,252ae7c55fa0e8a35df7f6ff3c8c1596-_SDQEf6qt,
TdxMwO8Id,Active,5,agejha@gmail.com,,Samuel F.,"just bought my first account easy payment and quick delivery, definetely going to buy some more to expand!",2024-04-25T13:44:55.346Z,9033053962580,monetized-crp-account,,,,,,252ae7c55fa0e8a35df7f6ff3c8c1596-TdxMwO8Id,
Tx0JoKhLe,Active,5,agelgjpewp@gmail.com,,Lexi L.,This is like having a shortcut to success. It's a must-buy.,2024-04-25T13:42:40.082Z,9033053962580,monetized-crp-account,,,,,,252ae7c55fa0e8a35df7f6ff3c8c1596-Tx0JoKhLe,
b67vq3DUN,Active,4,aglekagl@gmail.com,,Unes A.,Gamechanging!! love from turkey,2024-04-25T13:41:01.877Z,9033053962580,monetized-crp-account,,,,,,252ae7c55fa0e8a35df7f6ff3c8c1596-b67vq3DUN,
52Ar9vRp6,Active,4,aflekhgfo@gmail.com,,Jack I.,all around good,2024-04-25T13:40:04.531Z,9033053962580,monetized-crp-account,,,,,,252ae7c55fa0e8a35df7f6ff3c8c1596-52Ar9vRp6,
pGOq9bQEa,Active,5,afelkgj@gmail.com,,marta U.,"nothing to complain about, started directly after getting the account and just made my first money",2024-04-25T13:37:18.959Z,9033053962580,monetized-crp-account,,,,,,252ae7c55fa0e8a35df7f6ff3c8c1596-pGOq9bQEa,
Vz-fvv_hs,Active,4,gagjegj@gmail.com,,Gordon F.,good experience,2024-04-25T13:36:00.253Z,9033053962580,monetized-crp-account,,,,,,252ae7c55fa0e8a35df7f6ff3c8c1596-Vz-fvv_hs,
w6VrFyBPZ,Active,5,agpeprok@gmail.com,,Matt E.,"very satisfied with the whole experience, smooth and easy payment quick delivery and HIGH rpm.",2024-04-25T13:34:25.162Z,9033053962580,monetized-crp-account,,,,,,252ae7c55fa0e8a35df7f6ff3c8c1596-w6VrFyBPZ,
eZk1SNAan,Active,5,ageopjgp@gmail.com,,Mia L.,"this just jumpstarted my TikTok automation journey, THANKS!!!",2024-04-25T13:32:33.899Z,9033053962580,monetized-crp-account,,,,,,252ae7c55fa0e8a35df7f6ff3c8c1596-eZk1SNAan,
mzdBV_bW8,Active,4,ag4gekg@gmail.com,,Damien l.,"works good, no problem with the payment and quick delivery. would revomend",2024-04-25T13:30:50.947Z,9033053962580,monetized-crp-account,,,,,,252ae7c55fa0e8a35df7f6ff3c8c1596-mzdBV_bW8,
rl2MGyKa0,Active,5,dasgegpgp@gmail.com,,mason L.,"Worth every penny, quick delivery",2024-04-25T12:28:35.394Z,9033053962580,monetized-crp-account,,,,,,252ae7c55fa0e8a35df7f6ff3c8c1596-rl2MGyKa0,
H2kveMGau,Active,4,aggeafrle@gmail.com,,Andrei P.,good value,2024-04-25T12:25:40.294Z,9033053962580,monetized-crp-account,,,,,,252ae7c55fa0e8a35df7f6ff3c8c1596-H2kveMGau,
_MpMTWOLB,Active,5,asfksrghiwof@gmail.com,,Benji W.,"really good, closing in on my first 1000 dollars aftet 5 days",2024-04-25T12:23:31.569Z,9033053962580,monetized-crp-account,,,,,,252ae7c55fa0e8a35df7f6ff3c8c1596-_MpMTWOLB,
0P_jyIdGU,Active,5,aegehgek@gmail.com,,Jay K.,"a shortcut to financial freedom, thanks!!!!",2024-04-25T12:20:37.106Z,9033053962580,monetized-crp-account,,,,,,252ae7c55fa0e8a35df7f6ff3c8c1596-0P_jyIdGU,
YhunYXoJi,Active,4,afegwai@gmail.com,,Saandi A.,works perfectly,2024-04-25T12:19:25.003Z,9033053962580,monetized-crp-account,,,,,,252ae7c55fa0e8a35df7f6ff3c8c1596-YhunYXoJi,
RCXzuvpKe,Active,5,aewptuio@gmail.com,,Tariq A.,"got an rpm of 1,12 on the first TikTok, insane",2024-04-25T12:17:25.164Z,9033053962580,monetized-crp-account,,,,,,252ae7c55fa0e8a35df7f6ff3c8c1596-RCXzuvpKe,
oRxuQ3XPT,Active,5,adegekg@gmail.com,,Alexander D.,Best investment I've made to make money on social media,2024-04-25T12:15:25.650Z,9033053962580,monetized-crp-account,,,,,,252ae7c55fa0e8a35df7f6ff3c8c1596-oRxuQ3XPT,
9v4axbfmd,Active,4,adeppp@gmail.com,,Yosef A.,Never been this successful this fast on TikTok automation. Have several accounts but the rpm on the accounts I have bought from here is mad. Serious value!!! ,2024-04-25T12:11:27.050Z,9033053962580,monetized-crp-account,,,,,,252ae7c55fa0e8a35df7f6ff3c8c1596-9v4axbfmd,
O2z8S-MGH,Active,3,asdaeppp@gmail.com,,Eitan L.,works good and the payment was smooth just the delivery took a little to long,2024-04-25T12:08:19.497Z,9033053962580,monetized-crp-account,,,,,,252ae7c55fa0e8a35df7f6ff3c8c1596-O2z8S-MGH,
h2umseh2H,Active,4,asdaeoo@gmail.com,,Celine W.,finally will be able to make som money!!!,2024-04-25T12:07:11.290Z,9033053962580,monetized-crp-account,,,,,,252ae7c55fa0e8a35df7f6ff3c8c1596-h2umseh2H,
EXDTvISb5,Active,5,adeqqq@gmail.com,,Dante Z.,"so glad I found this, have tried different accounts but this actually works",2024-04-25T12:05:51.571Z,9033053962580,monetized-crp-account,,,,,,252ae7c55fa0e8a35df7f6ff3c8c1596-EXDTvISb5,
SYM10Ekg7,Active,4,Adasde@gmail.com,,Omar T.,TikTok automation has a whole new meaning with this,2024-04-25T12:03:32.653Z,9033053962580,monetized-crp-account,,,,,,252ae7c55fa0e8a35df7f6ff3c8c1596-SYM10Ekg7,
YLcRDKkN1,Active,5,dadea@gmail.com,,Antonio D.,"this actually works, smooth payment and quick delivery tanks!!",2024-04-25T12:01:34.522Z,9033053962580,monetized-crp-account,,,,,,252ae7c55fa0e8a35df7f6ff3c8c1596-YLcRDKkN1,
J-uzmmjcn,Active,5,dadewre@gmail.com,,Michelle D.,love it,2024-04-25T12:00:56.383Z,9033053962580,monetized-crp-account,,,,,,252ae7c55fa0e8a35df7f6ff3c8c1596-J-uzmmjcn,
zT7peBTIT,Active,4,saddas@gmail.com,,Umet K.,"I was hesitant at first, but this was totally worth it",2024-04-25T11:57:47.353Z,9033053962580,monetized-crp-account,,,,,,252ae7c55fa0e8a35df7f6ff3c8c1596-zT7peBTIT,
4XIg4H93K,Active,4,dadsadaeweda@gmail.com,,Tobias L.,"saves so much time and effort, works really good",2024-04-25T11:56:27.979Z,9033053962580,monetized-crp-account,,,,,,252ae7c55fa0e8a35df7f6ff3c8c1596-4XIg4H93K,
nNaUc5uv8,Active,5,adasda@gmail.com,,Simon L.,"If you're serious making money on TikTok, this is the way to go. Mad rpm, really good value",2024-04-25T11:55:11.823Z,9033053962580,monetized-crp-account,,,,,,252ae7c55fa0e8a35df7f6ff3c8c1596-nNaUc5uv8,
kdWMNR7gp,Active,5,afsafs@gmail.com,,Sinan A.,Works as a charm,2024-04-25T11:51:31.292Z,9033053962580,monetized-crp-account,,,,,,252ae7c55fa0e8a35df7f6ff3c8c1596-kdWMNR7gp,
o1ZRT3ofA,Active,5,hagaf@gmail.com,,Christian M.,"The rpm is insane, works even in europe. Strongly recommend ",2024-04-25T09:53:25.276Z,9033053962580,monetized-crp-account,,,,,,252ae7c55fa0e8a35df7f6ff3c8c1596-o1ZRT3ofA,
Xqj2IqnN7,Active,4,hsgafaf@gmail.com,,Arian M.,Good payment got the account ,2024-04-25T09:52:07.698Z,9033053962580,monetized-crp-account,,,,,,252ae7c55fa0e8a35df7f6ff3c8c1596-Xqj2IqnN7,
zWJAsuckg,Active,5,naahgsgs@gmail.com,,Nian J.,Finally an account that actually works!!! Just made my first money on the first video🙏🙏,2024-04-25T09:50:35.786Z,9033053962580,monetized-crp-account,,,,,,252ae7c55fa0e8a35df7f6ff3c8c1596-zWJAsuckg,
CW0xRewRp,Active,4,ushahag@gmail.com,,Nikolasz D.,"like it very much, even possible in Georgia❤️❤️",2024-04-25T09:48:01.099Z,9033053962580,monetized-crp-account,,,,,,252ae7c55fa0e8a35df7f6ff3c8c1596-CW0xRewRp,
ppFWZEdos,Active,5,jajageg@gmail.com,,Aleks V.,This makes it possible to yurning the side hustle to main hustle!! Love from Estonia🇪🇪,2024-04-25T09:45:16.593Z,9033053962580,monetized-crp-account,,,,,,252ae7c55fa0e8a35df7f6ff3c8c1596-ppFWZEdos,
GvIKVV2YM,Active,5,hagara@gmail.com,,Ann H.,Really good product. Definitely will be buying more to expand,2024-04-25T09:42:50.207Z,9033053962580,monetized-crp-account,,,,,,252ae7c55fa0e8a35df7f6ff3c8c1596-GvIKVV2YM,
AqxiflZK6,Active,4,jehahah@gmail.com,,Salem M.,Good rpm ,2024-04-25T09:41:06.425Z,9033053962580,monetized-crp-account,,,,,,252ae7c55fa0e8a35df7f6ff3c8c1596-AqxiflZK6,
XJSTy7tPd,Active,3,kekshah@gmail.com,,Nova K.,"Got the account and it works well just me being lazy is the problem, gotta start creating and making this bread ",2024-04-25T09:35:47.857Z,9033053962580,monetized-crp-account,,,,,,252ae7c55fa0e8a35df7f6ff3c8c1596-XJSTy7tPd,
tCynydn8x,Active,5,aldjsjal@gmail.com,,Hassan A.,"Didnt think it would work on my part of the world but wow i was wrong, just made my first 1000$!!!!",2024-04-25T09:34:01.875Z,9033053962580,monetized-crp-account,,,,,,252ae7c55fa0e8a35df7f6ff3c8c1596-tCynydn8x,
TVxq4GZt9,Active,5,kdjajqiw@gmail.com,,Ivan L.,"Working perfectly, finally will be able to make A LOT of money side hustling!!",2024-04-25T09:31:38.297Z,9033053962580,monetized-crp-account,,,,,,252ae7c55fa0e8a35df7f6ff3c8c1596-TVxq4GZt9,
ewzmsXIVL,Active,4,jahqhrp@gmail.com,,Osman U.,works well,2024-04-25T09:27:42.541Z,9033053962580,monetized-crp-account,,,,,,252ae7c55fa0e8a35df7f6ff3c8c1596-ewzmsXIVL,
IWL5pDUTv,Active,5,jahshdha@gmail.com,,Lucas S.,My growth in earnings since buying this📈📈📈 highly recommended ,2024-04-25T09:24:28.360Z,9033053962580,monetized-crp-account,,,,,,252ae7c55fa0e8a35df7f6ff3c8c1596-IWL5pDUTv,
ZaPkpfDRK,Active,4,jaheywi@gmail.com,,Anvi T.,"Smooth payment, though a bit long waiting fir delivery took almost 3 hours",2024-04-25T09:21:05.548Z,9033053962580,monetized-crp-account,,,,,,252ae7c55fa0e8a35df7f6ff3c8c1596-ZaPkpfDRK,
lS1FtNZkK,Active,4,jshadh@gmail.com,,Mo A.,"Quik delivery, excited to try this",2024-04-25T09:19:02.358Z,9033053962580,monetized-crp-account,,,,,,252ae7c55fa0e8a35df7f6ff3c8c1596-lS1FtNZkK,
FqCAg0qxP,Active,5,hduajqld@gmail.com,,Andre C.,"Game changer for automation. Tried it for a while now and the rpm is out of this world, really quick delivery as well. Really good!",2024-04-25T09:09:12.662Z,9033053962580,monetized-crp-account,,,,,,252ae7c55fa0e8a35df7f6ff3c8c1596-FqCAg0qxP,
9_LF1xZ51,Active,5,jeuwqpap@gmail.com,,Akida A.,rly cool and works wel,2024-04-25T09:06:16.815Z,9033053962580,monetized-crp-account,,,,,,252ae7c55fa0e8a35df7f6ff3c8c1596-9_LF1xZ51,
C4-MmBoav,Active,5,jahdeiqoqp@gmail.com,,Lou P.,"Quick delivery, just made my first couple of dollars on my first videos",2024-04-25T09:03:33.955Z,9033053962580,monetized-crp-account,,,,,,252ae7c55fa0e8a35df7f6ff3c8c1596-C4-MmBoav,
pgiT7KUfq,Active,5,jejehaga@gmail.com,,Chris R.,"Love it, have used for a couple of weeks now and the rpm is insane",2024-04-25T09:01:16.787Z,9033053962580,monetized-crp-account,,,,,,252ae7c55fa0e8a35df7f6ff3c8c1596-pgiT7KUfq,
NXOF-MqpX,Active,5,djfueiei@gmail.com,,Servan O.,"absolutly love this, saved me so much time and trouble!!!",2024-04-25T08:54:35.071Z,9033053962580,monetized-crp-account,,,,,,252ae7c55fa0e8a35df7f6ff3c8c1596-NXOF-MqpX,
g5SnFVLEA,Active,5,adjajakka@gmail.com,,adam K.,It actually works! Everything went smoothly with a quick delivery.,2024-04-25T08:52:52.574Z,9033053962580,monetized-crp-account,,,,,,252ae7c55fa0e8a35df7f6ff3c8c1596-g5SnFVLEA,
PExzxnHLaSy,Active,5,amelia.b.38@hotmail.com,,Amelia B.,"no bots, everything good",2024-04-25T00:00:00.000Z,9658540425556,youtube,,true,,,,252ae7c55fa0e8a35df7f6ff3c8c1596-PExzxnHLaSy,
pH-dkLTRdlB,Active,4,santiago.t.56@outlook.com,,Santiago T.,"ready to go from start, very good",2024-04-25T00:00:00.000Z,9033053962580,monetized-tiktok-account,,true,,,,252ae7c55fa0e8a35df7f6ff3c8c1596-pH-dkLTRdlB,
zKij5H90E,Active,4,fag@gmail.com,,Julia A.,thank you good product i appreicate your tikaccounts been using for long time now // Julia 🇧🇬,2024-04-24T23:19:21.216Z,9033053962580,monetized-crp-account,,,,,,252ae7c55fa0e8a35df7f6ff3c8c1596-zKij5H90E,
Ot2iaYxxt,Active,5,2r@gmail.com,,Kayla P.,just awesome!!!!!!! ty ❤️ fast delivery like 1 hour,2024-04-24T23:18:37.696Z,9033053962580,monetized-crp-account,,,,,,252ae7c55fa0e8a35df7f6ff3c8c1596-Ot2iaYxxt,
1IUc-_xGD,Active,4,dfg@gmail.com,,Judy D.,cool ty,2024-04-24T23:18:02.829Z,9033053962580,monetized-crp-account,,,,,,252ae7c55fa0e8a35df7f6ff3c8c1596-1IUc-_xGD,
x0sy5D7cj,Active,4,dag@gmail.com,https://images.loox.io/uploads/2024/4/24/3Eib3tVdW.jpg,Armada D.,awesome stuff i have alreayd started my first page and is making some money i never thought it was this easy,2024-04-24T23:16:50.564Z,9033053962580,monetized-crp-account,,,,,,252ae7c55fa0e8a35df7f6ff3c8c1596-x0sy5D7cj,true
XuO87uOiW,Active,4,dag@gmail.com,,Lora J.,"i was on the pre-order list and was not dissappointed.

only shame is i kinda suck at making content so im not making more than a few hundred dollars 😂

great product tho honestly, just what i imagined",2024-04-24T23:15:36.552Z,9033053962580,monetized-crp-account,,,,,,252ae7c55fa0e8a35df7f6ff3c8c1596-XuO87uOiW,
eTuzmwsOj,Active,5,dag@gmail.com,,Mark W.,"works and does not get shadowbanned like 100% of the botted account sellers out there

10/10 actually good service and legitimate seller",2024-04-24T22:50:18.550Z,9033053962580,monetized-crp-account,,,,,,252ae7c55fa0e8a35df7f6ff3c8c1596-eTuzmwsOj,
1ig56G542,Active,5,dag@gmail.com,https://images.loox.io/uploads/2024/4/24/i--gBRSGu.jpg,Adam J.,"lol they actaully work i posted one video and earned a dollar instantly

will definitely buy more and start a tiktok empire",2024-04-24T22:48:37.289Z,9033053962580,monetized-crp-account,,,,,,252ae7c55fa0e8a35df7f6ff3c8c1596-1ig56G542,true
nrlNKFACEeg,Active,4,ibrahim.c.80@hotmail.com,,Ibrahim C.,great,2024-04-24T00:00:00.000Z,9033053962580,monetized-tiktok-account,,true,,,,252ae7c55fa0e8a35df7f6ff3c8c1596-nrlNKFACEeg,
2Y-SqsSTaqi,Active,4,zara.v.77@outlook.com,,Zara V.,actually works tbh,2024-04-24T00:00:00.000Z,9033053962580,monetized-tiktok-account,,true,,,,252ae7c55fa0e8a35df7f6ff3c8c1596-2Y-SqsSTaqi,
LTFk37R896X,Active,5,william.l.16@hotmail.com,,William L.,wonderfull,2024-04-23T00:00:00.000Z,9636190388564,tiktok-shop-affiliate-account,,true,,,,252ae7c55fa0e8a35df7f6ff3c8c1596-LTFk37R896X,
IO-us7UWuEY,Active,5,lucas.i.71@outlook.com,,Lucas I.,"had more followers then promised and my first payment went through, no complaints",2024-04-23T00:00:00.000Z,9636190388564,tiktok-shop-affiliate-account,,true,,,,252ae7c55fa0e8a35df7f6ff3c8c1596-IO-us7UWuEY,
YuvjrH1ya,Active,5,sona.coin@yandex.com,,MOHSEN M.,Very excellent. The account was received perfectly,2024-04-22T12:44:16.578Z,9033007366484,us-tiktok-account,,true,6042880737620,,,252ae7c55fa0e8a35df7f6ff3c8c1596-YuvjrH1ya,
7K67nVflDb8,Active,5,chloe.j.27@outlook.com,,Chloe J.,started earning from day 1,2024-04-22T00:00:00.000Z,9033053962580,monetized-tiktok-account,,true,,,,252ae7c55fa0e8a35df7f6ff3c8c1596-7K67nVflDb8,
Mcgi12Cj_Rs,Active,5,william.a.94@hotmail.com,,William A.,"received my first payout today, so happy",2024-04-22T00:00:00.000Z,9033053962580,monetized-tiktok-account,,true,,,,252ae7c55fa0e8a35df7f6ff3c8c1596-Mcgi12Cj_Rs,
Kn8AtTxTu,Active,3,amrpmo@gmail.com,,AMR E.,It does give us a walkthrough on how to open the account safely without getting shadow banned from TikTok. I'm still searching on how to open it so I don't know if it's working or not,2024-04-21T16:16:56.840Z,9033007366484,us-tiktok-account,,true,6042393215316,,,252ae7c55fa0e8a35df7f6ff3c8c1596-Kn8AtTxTu,
alttLrWnQMp,Active,4,chen.d.68@yahoo.com,,Chen D.,if you could see my dashboard you would not believe me,2024-04-21T00:00:00.000Z,9033053962580,monetized-tiktok-account,,true,,,,252ae7c55fa0e8a35df7f6ff3c8c1596-alttLrWnQMp,
iJ8v05PH9Vf,Active,5,chloe.r.16@outlook.com,,Chloe R.,got the account + a tiktok course??? instant 10/10 🙌,2024-04-20T00:00:00.000Z,9636190388564,tiktok-shop-affiliate-account,,true,,,,252ae7c55fa0e8a35df7f6ff3c8c1596-iJ8v05PH9Vf,
aGvK-aiumqK,Active,4,laila.o.78@yahoo.com,,Laila O.,have 3 accs running and soon earning as a engineer,2024-04-20T00:00:00.000Z,9033053962580,monetized-tiktok-account,,true,,,,252ae7c55fa0e8a35df7f6ff3c8c1596-aGvK-aiumqK,
nZxVultnBza,Active,4,emir.o.16@outlook.com,,Emir O.,"my channel had more than 1k subs, thanks",2024-04-20T00:00:00.000Z,9658540425556,youtube,,true,,,,252ae7c55fa0e8a35df7f6ff3c8c1596-nZxVultnBza,
xtHxRfWqI,Active,5,josef.ghneim@hotmail.com,,Josef G.,"Immediate and effortless delivery. Overall service was 10/10, highly recommended!",2024-04-19T15:19:44.040Z,9033007366484,us-tiktok-account,,true,6039930274132,,,252ae7c55fa0e8a35df7f6ff3c8c1596-xtHxRfWqI,
GE0BnQHpTsi,Active,5,lucas.s.78@outlook.com,,Lucas S.,thought it was cap at first but nah actually works,2024-04-19T00:00:00.000Z,9636190388564,tiktok-shop-affiliate-account,,true,,,,252ae7c55fa0e8a35df7f6ff3c8c1596-GE0BnQHpTsi,
yKzRdxf4ij-,Active,4,priya.h.32@outlook.com,,Priya H.,this account is so much more worth then the CRP ones since you can do affiliate and earn from the crp program aswell,2024-04-19T00:00:00.000Z,9636190388564,tiktok-shop-affiliate-account,,true,,,,252ae7c55fa0e8a35df7f6ff3c8c1596-yKzRdxf4ij-,
lQTeeTP_zJe,Active,4,amara.t.43@yahoo.com,,Amara T.,the account already had some earning I withdraw hehe💰,2024-04-18T00:00:00.000Z,9033053962580,monetized-tiktok-account,,true,,,,252ae7c55fa0e8a35df7f6ff3c8c1596-lQTeeTP_zJe,
uNIUpoSVW-3,Active,4,jun.w.10@yahoo.com,,Jun W.,niche list is honestly worth the price itself,2024-04-18T00:00:00.000Z,9033053962580,monetized-tiktok-account,,true,,,,252ae7c55fa0e8a35df7f6ff3c8c1596-uNIUpoSVW-3,
bBdNxPR0vll,Active,5,isabella.y.39@outlook.com,,Isabella Y.,will tell all my girls about this!,2024-04-17T00:00:00.000Z,9033053962580,monetized-tiktok-account,,true,,,,252ae7c55fa0e8a35df7f6ff3c8c1596-bBdNxPR0vll,
jsOmYPBfjug,Active,4,lucas.m.22@hotmail.com,,Lucas M.,blessed that I found this,2024-04-17T00:00:00.000Z,9658540425556,youtube,,true,,,,252ae7c55fa0e8a35df7f6ff3c8c1596-jsOmYPBfjug,
vnJZRl5gD,Active,5,dag@gmail.com,https://images.loox.io/uploads/2024/4/16/IGcNMe0Of0.jpg,James R.,"awesome product, imagine that you can make back 100x what you pay for an account like this by just being consistent

I dont get how anyone could hate tbh, instant delivery and no problems so far

vouch for tikaccount ⚡️",2024-04-16T16:54:14.315Z,9033007366484,monetizable-us-account,,,,,,252ae7c55fa0e8a35df7f6ff3c8c1596-vnJZRl5gD,true
BUmX2L2jp,Active,5,dag@gmail.com,https://images.loox.io/uploads/2024/4/16/Ct0Irk9fg.jpg,Marko D.,"crazy shit didnt even know this was possible

have changed my life during the last 3 months, thanks ❤️",2024-04-16T16:53:07.272Z,9033007366484,monetizable-us-account,,,,,,252ae7c55fa0e8a35df7f6ff3c8c1596-BUmX2L2jp,true
baDRhQJnbZ,Active,5,dd@gmail.com,https://images.loox.io/uploads/2024/4/16/t2CeZUZ4V.jpg,Mason P.,very good stuff,2024-04-16T16:47:45.824Z,9033007366484,monetizable-us-account,,,,,,252ae7c55fa0e8a35df7f6ff3c8c1596-baDRhQJnbZ,true
hw_n-ETY_,Active,5,hytrfdfgh@gmail.com,https://images.loox.io/uploads/2024/4/16/9FoHRYVntY.jpg,Salim S.,awesome product and the tiktok monetization program is available even tho im not from the US 🇺🇸,2024-04-16T16:45:54.838Z,9033007366484,monetizable-us-account,,,,,,252ae7c55fa0e8a35df7f6ff3c8c1596-hw_n-ETY_,true
ZzxNJfJiU,Active,5,dagfhfh@gmail.com,https://images.loox.io/uploads/2024/4/16/DubNJO8hd.jpg,Adam D.,"awesome experience with the whole process, fast delivery and the account works just as intended

mad respect 10/10",2024-04-16T16:44:28.139Z,9033007366484,monetizable-us-account,,,,,,252ae7c55fa0e8a35df7f6ff3c8c1596-ZzxNJfJiU,true
5NL9xvoBVLH,Active,4,benjamin.g.53@yahoo.com,,Benjamin G.,"organic followers, incredible",2024-04-16T00:00:00.000Z,9033053962580,monetized-tiktok-account,,true,,,,252ae7c55fa0e8a35df7f6ff3c8c1596-5NL9xvoBVLH,
FUCsJtX5Yqk,Active,4,anwar.m.41@yahoo.com,,Anwar M.,the youtube guide included is worth more than the account honestly,2024-04-15T00:00:00.000Z,9658540425556,youtube,,true,,,,252ae7c55fa0e8a35df7f6ff3c8c1596-FUCsJtX5Yqk,
e8AzU0_O8Zc,Active,5,james.v.81@outlook.com,,James V.,ngl was skeptical but is legit,2024-04-14T00:00:00.000Z,9033053962580,monetized-tiktok-account,,true,,,,252ae7c55fa0e8a35df7f6ff3c8c1596-e8AzU0_O8Zc,
uoOPUyCCeVn,Active,5,hana.x.68@yahoo.com,,Hana X.,easy to connect to paypal,2024-04-14T00:00:00.000Z,9636190388564,tiktok-shop-affiliate-account,,true,,,,252ae7c55fa0e8a35df7f6ff3c8c1596-uoOPUyCCeVn,
Fmu5-LK2p6j,Active,5,elijah.r.88@yahoo.com,,Elijah R.,got 2m views on my first post and it is life changing,2024-04-14T00:00:00.000Z,9033053962580,monetized-tiktok-account,,true,,,,252ae7c55fa0e8a35df7f6ff3c8c1596-Fmu5-LK2p6j,
muPukBJLlZS,Active,4,mariam.n.53@hotmail.com,,Mariam N.,no problem setup at all,2024-04-13T00:00:00.000Z,9636190388564,tiktok-shop-affiliate-account,,true,,,,252ae7c55fa0e8a35df7f6ff3c8c1596-muPukBJLlZS,
6IY014mNjvy,Active,4,malik.i.10@yahoo.com,,Malik I.,rly good,2024-04-12T00:00:00.000Z,9636190388564,tiktok-shop-affiliate-account,,true,,,,252ae7c55fa0e8a35df7f6ff3c8c1596-6IY014mNjvy,
WFPb1HFuuH1,Active,4,hana.w.99@hotmail.com,,Hana W.,will buy more certainly,2024-04-12T00:00:00.000Z,9033053962580,monetized-tiktok-account,,true,,,,252ae7c55fa0e8a35df7f6ff3c8c1596-WFPb1HFuuH1,
2Mds0EYM6Dw,Active,4,dara.n.38@hotmail.com,,Dara N.,people really sleepning on youtube,2024-04-11T00:00:00.000Z,9658540425556,youtube,,true,,,,252ae7c55fa0e8a35df7f6ff3c8c1596-2Mds0EYM6Dw,
Vb1TLz1mLhg,Active,5,james.b.69@gmail.com,,James B.,got it set up in 4 min fr,2024-04-10T00:00:00.000Z,9033053962580,monetized-tiktok-account,,true,,,,252ae7c55fa0e8a35df7f6ff3c8c1596-Vb1TLz1mLhg,
v5DaaTYiOJf,Active,5,ava.m.15@gmail.com,,Ava M.,got my first sale today!,2024-04-10T00:00:00.000Z,9636190388564,tiktok-shop-affiliate-account,,true,,,,252ae7c55fa0e8a35df7f6ff3c8c1596-v5DaaTYiOJf,
jJJ5ARhGndw,Active,4,fatima.g.93@outlook.com,,Fatima G.,f*cking fantastic,2024-04-10T00:00:00.000Z,9636190388564,tiktok-shop-affiliate-account,,true,,,,252ae7c55fa0e8a35df7f6ff3c8c1596-jJJ5ARhGndw,
ZxLyCjwyJpz,Active,4,zara.n.90@outlook.com,,Zara N.,picked up my first youtube acc for black friday and so happy I did,2024-04-10T00:00:00.000Z,9658540425556,youtube,,true,,,,252ae7c55fa0e8a35df7f6ff3c8c1596-ZxLyCjwyJpz,
bGjvyCUrVE,Active,4,dara.k.13@yahoo.com,,Dara K.,good,2024-04-10T00:00:00.000Z,9658540425556,youtube,,true,,,,252ae7c55fa0e8a35df7f6ff3c8c1596-bGjvyCUrVE,
ZnUHUaRJiWu,Active,4,ayaka.q.87@yahoo.com,,Ayaka Q.,"made my first ever money, stoked",2024-04-09T00:00:00.000Z,9636190388564,tiktok-shop-affiliate-account,,true,,,,252ae7c55fa0e8a35df7f6ff3c8c1596-ZnUHUaRJiWu,
0jJQ3_cuBSV,Active,4,chen.p.88@yahoo.com,,Chen P.,"uploaded my first post, got 1 million views and made 1k usd at 1 usd/rpm",2024-04-08T00:00:00.000Z,9033053962580,monetized-tiktok-account,,true,,,,252ae7c55fa0e8a35df7f6ff3c8c1596-0jJQ3_cuBSV,
0Zjs97mLKYd,Active,4,olivia.a.21@yahoo.com,,Olivia A.,ez monetized from start,2024-04-07T00:00:00.000Z,9033053962580,monetized-tiktok-account,,true,,,,252ae7c55fa0e8a35df7f6ff3c8c1596-0Zjs97mLKYd,
805zJweMt0b,Active,4,dara.c.85@hotmail.com,,Dara C.,robbing yt rn,2024-04-06T00:00:00.000Z,9658540425556,youtube,,true,,,,252ae7c55fa0e8a35df7f6ff3c8c1596-805zJweMt0b,
pNYaX8rR2hB,Active,4,hana.e.13@yahoo.com,,Hana E.,"you changed my life, thank you",2024-04-06T00:00:00.000Z,9636190388564,tiktok-shop-affiliate-account,,true,,,,252ae7c55fa0e8a35df7f6ff3c8c1596-pNYaX8rR2hB,
A9EMZrYs0WL,Active,5,sophia.r.78@yahoo.com,,Sophia R.,easy 10/10,2024-04-05T00:00:00.000Z,9033053962580,monetized-tiktok-account,,true,,,,252ae7c55fa0e8a35df7f6ff3c8c1596-A9EMZrYs0WL,
F7VTDmhYuqS,Active,4,jin.d.96@outlook.com,,Jin D.,joining the creator economy🔥,2024-04-05T00:00:00.000Z,9658540425556,youtube,,true,,,,252ae7c55fa0e8a35df7f6ff3c8c1596-F7VTDmhYuqS,
CpM9E4PRAVs,Active,3,akio.n.18@outlook.com,,Akio N.,the first channel I bought had even more than 1k subs so had high hopes for my second purchase but it only had 1k subs as it should haha guess you can't be lucky all the time :),2024-04-05T00:00:00.000Z,9658540425556,youtube,,true,,,,252ae7c55fa0e8a35df7f6ff3c8c1596-CpM9E4PRAVs,
PkAQcvWltNv,Active,5,yuki.v.32@gmail.com,,Yuki V.,will tell mandem bout this🔥,2024-04-04T00:00:00.000Z,9636190388564,tiktok-shop-affiliate-account,,true,,,,252ae7c55fa0e8a35df7f6ff3c8c1596-PkAQcvWltNv,
3x-7hWey-C3,Active,4,nina.h.38@yahoo.com,,Nina H.,unbelievable,2024-04-04T00:00:00.000Z,9636190388564,tiktok-shop-affiliate-account,,true,,,,252ae7c55fa0e8a35df7f6ff3c8c1596-3x-7hWey-C3,
FHLeJtvjk9L,Active,4,chen.v.49@yahoo.com,,Chen V.,perfect,2024-04-04T00:00:00.000Z,9636190388564,tiktok-shop-affiliate-account,,true,,,,252ae7c55fa0e8a35df7f6ff3c8c1596-FHLeJtvjk9L,
mt4y0HTDkxU,Active,3,kiran.g.42@yahoo.com,,Kiran G.,had some trouble with the setup but talked to a very kind man at support who guided me on how to do it,2024-04-04T00:00:00.000Z,9636190388564,tiktok-shop-affiliate-account,,true,,,,252ae7c55fa0e8a35df7f6ff3c8c1596-mt4y0HTDkxU,
gAHocEsbcl,Active,5,emma.c.16@yahoo.com,,Emma C.,so happy finally my fam can go on vacay,2024-04-03T00:00:00.000Z,9033053962580,monetized-tiktok-account,,true,,,,252ae7c55fa0e8a35df7f6ff3c8c1596-gAHocEsbcl,
Nt8LFjPPECG,Active,4,santiago.t.52@yahoo.com,,Santiago T.,top product,2024-04-03T00:00:00.000Z,9033053962580,monetized-tiktok-account,,true,,,,252ae7c55fa0e8a35df7f6ff3c8c1596-Nt8LFjPPECG,
DToDTJbr60Q,Active,4,santiago.d.13@outlook.com,,Santiago D.,insallah thank you,2024-04-01T00:00:00.000Z,9636190388564,tiktok-shop-affiliate-account,,true,,,,252ae7c55fa0e8a35df7f6ff3c8c1596-DToDTJbr60Q,
_uPojKSFOiE,Active,4,lucas.j.75@outlook.com,,Lucas J.,the course you get when you buy ,2024-04-01T00:00:00.000Z,9636190388564,tiktok-shop-affiliate-account,,true,,,,252ae7c55fa0e8a35df7f6ff3c8c1596-_uPojKSFOiE,
Yhb7bUcy9vh,Active,5,alexander.d.44@outlook.com,,Alexander D.,🙌,2024-03-31T00:00:00.000Z,9033053962580,monetized-tiktok-account,,true,,,,252ae7c55fa0e8a35df7f6ff3c8c1596-Yhb7bUcy9vh,
8Kv3Dg-RTb,Active,5,noah.k.53@yahoo.com,,Noah K.,"lowkey thought it was cap at first but nah... fully monetized & organic, crazy 🔥",2024-03-30T00:00:00.000Z,9636190388564,tiktok-shop-affiliate-account,,true,,,,252ae7c55fa0e8a35df7f6ff3c8c1596-8Kv3Dg-RTb,
tvr1PL-yljg,Active,5,ava.f.72@hotmail.com,,Ava F.,actually earned money from my first vid and payment setup was smooth,2024-03-29T00:00:00.000Z,9658540425556,youtube,,true,,,,252ae7c55fa0e8a35df7f6ff3c8c1596-tvr1PL-yljg,
NpjtcofLitu,Active,5,isabella.s.65@hotmail.com,,Isabella S.,my friends working regular jobs did not believe me when I told them how much I earned with this,2024-03-25T00:00:00.000Z,9636190388564,tiktok-shop-affiliate-account,,true,,,,252ae7c55fa0e8a35df7f6ff3c8c1596-NpjtcofLitu,
BbL2qy3hFvI,Active,5,charlotte.u.52@hotmail.com,,Charlotte U.,"received my first payment today, thanks!",2024-03-23T00:00:00.000Z,9636190388564,tiktok-shop-affiliate-account,,true,,,,252ae7c55fa0e8a35df7f6ff3c8c1596-BbL2qy3hFvI,
L9fbu2QZxJO,Active,5,levi.y.97@yahoo.com,,Levi Y.,printing more money then diddy coin,2024-03-22T00:00:00.000Z,9636190388564,tiktok-shop-affiliate-account,,true,,,,252ae7c55fa0e8a35df7f6ff3c8c1596-L9fbu2QZxJO,
uvPPqLnx2PU,Active,5,amelia.i.44@yahoo.com,,Amelia I.,paired with the course you are fricking dumb if you dont make any cash,2024-03-22T00:00:00.000Z,9658540425556,youtube,,true,,,,252ae7c55fa0e8a35df7f6ff3c8c1596-uvPPqLnx2PU,
CEUhJlA_niq,Active,5,noah.m.15@outlook.com,,Noah M.,feels sureel to sit in class and print money with this,2024-03-21T00:00:00.000Z,9636190388564,tiktok-shop-affiliate-account,,true,,,,252ae7c55fa0e8a35df7f6ff3c8c1596-CEUhJlA_niq,
kwl44GBpiZ0,Active,3,amara.x.50@hotmail.com,,Amara X.,Did not earn as much as I expected in the first month only made 1.5k usd maybe my expectations was too high,2024-03-20T00:00:00.000Z,9033053962580,monetized-tiktok-account,,true,,,,252ae7c55fa0e8a35df7f6ff3c8c1596-kwl44GBpiZ0,
Lx9mwc_S65e,Active,5,zara.z.93@yahoo.com,,Zara Z.,the niche list was clutch,2024-03-16T00:00:00.000Z,9033053962580,monetized-tiktok-account,,true,,,,252ae7c55fa0e8a35df7f6ff3c8c1596-Lx9mwc_S65e,
QKlWnMH-tkI,Active,5,benjamin.z.27@yahoo.com,,Benjamin Z.,fully monetized channel as promised,2024-03-14T00:00:00.000Z,9658540425556,youtube,,true,,,,252ae7c55fa0e8a35df7f6ff3c8c1596-QKlWnMH-tkI,
20m1E8ErMkj,Active,5,mia.w.88@yahoo.com,,Mia W.,gossip is my passion and now I get paid to spread it!?,2024-03-13T00:00:00.000Z,9658540425556,youtube,,true,,,,252ae7c55fa0e8a35df7f6ff3c8c1596-20m1E8ErMkj,
BfLWdnungff,Active,5,emma.s.62@hotmail.com,,Emma S.,selling to moms is the key to printing,2024-03-11T00:00:00.000Z,9636190388564,tiktok-shop-affiliate-account,,true,,,,252ae7c55fa0e8a35df7f6ff3c8c1596-BfLWdnungff,
M8zaEUbPrVm,Active,5,james.h.96@outlook.com,,James H.,came with EVERYTHING promised.,2024-03-07T00:00:00.000Z,9033053962580,monetized-tiktok-account,,true,,,,252ae7c55fa0e8a35df7f6ff3c8c1596-M8zaEUbPrVm,
0tfRyzKwSrv,Active,5,olivia.v.74@yahoo.com,,Olivia V.,"got the channel, works wonders",2024-03-03T00:00:00.000Z,9658540425556,youtube,,true,,,,252ae7c55fa0e8a35df7f6ff3c8c1596-0tfRyzKwSrv,
BhsHUBAufK,Active,5,amelia.x.36@yahoo.com,,Amelia X.,bro this is SO worth it. the account + a tiktok course!,2024-03-01T00:00:00.000Z,9636190388564,tiktok-shop-affiliate-account,,true,,,,252ae7c55fa0e8a35df7f6ff3c8c1596-BhsHUBAufK,
6I9_hb0gNwS,Active,5,benjamin.s.25@gmail.com,,Benjamin S.,"easy setup, already starting to make some dollars",2024-02-27T00:00:00.000Z,9033053962580,monetized-tiktok-account,,true,,,,252ae7c55fa0e8a35df7f6ff3c8c1596-6I9_hb0gNwS,
lgqIo647Elh,Active,5,elijah.u.22@hotmail.com,,Elijah U.,"after all the yap about the crp program i thought fuck it might aswell try, actually made money from my first post",2024-02-26T00:00:00.000Z,9033053962580,monetized-tiktok-account,,true,,,,252ae7c55fa0e8a35df7f6ff3c8c1596-lgqIo647Elh,
2PA9yG2ewG7,Active,5,chloe.t.65@yahoo.com,,Chloe T.,approved as promised,2024-02-23T00:00:00.000Z,9636190388564,tiktok-shop-affiliate-account,,true,,,,252ae7c55fa0e8a35df7f6ff3c8c1596-2PA9yG2ewG7,
P5qnpqcJvfI,Active,5,benjamin.h.34@hotmail.com,,Benjamin H.,🔥,2024-02-23T00:00:00.000Z,9636190388564,tiktok-shop-affiliate-account,,true,,,,252ae7c55fa0e8a35df7f6ff3c8c1596-P5qnpqcJvfI,
Y3E7pxDGG_B,Active,5,william.m.59@gmail.com,,William M.,it's LEGIT,2024-02-23T00:00:00.000Z,9658540425556,youtube,,true,,,,252ae7c55fa0e8a35df7f6ff3c8c1596-Y3E7pxDGG_B,
2I-jB5tFWf,Active,4,emma.l.81@hotmail.com,,Emma L.,The account is as expected what can I say,2024-02-23T00:00:00.000Z,9033053962580,monetized-tiktok-account,,true,,,,252ae7c55fa0e8a35df7f6ff3c8c1596-2I-jB5tFWf,
'-afhiyyeQ32,Active,5,mateo.m.77@yahoo.com,,Mateo M.,make dog vids for a living nowdays smh,2024-02-21T00:00:00.000Z,9658540425556,youtube,,true,,,,252ae7c55fa0e8a35df7f6ff3c8c1596--afhiyyeQ32,
ivmWFZxYvZS,Active,5,levi.g.50@outlook.com,,Levi G.,the price is crazy for the value🔥,2024-02-20T00:00:00.000Z,9636190388564,tiktok-shop-affiliate-account,,true,,,,252ae7c55fa0e8a35df7f6ff3c8c1596-ivmWFZxYvZS,
8LRC9nUVTo,Active,4,hana.m.52@hotmail.com,,Hana M.,got help with setup from the support👍,2024-02-20T00:00:00.000Z,9636190388564,tiktok-shop-affiliate-account,,true,,,,252ae7c55fa0e8a35df7f6ff3c8c1596-8LRC9nUVTo,
EIGo0Wiyxr,Active,5,charlotte.w.13@hotmail.com,,Charlotte W.,the niche list is fire,2024-02-16T00:00:00.000Z,9033053962580,monetized-tiktok-account,,true,,,,252ae7c55fa0e8a35df7f6ff3c8c1596-EIGo0Wiyxr,
Hl42luq3ad,Active,5,ethan.c.36@outlook.com,,Ethan C.,"got my account as promised, no problem setting up payment",2024-02-15T00:00:00.000Z,9033053962580,monetized-tiktok-account,,true,,,,252ae7c55fa0e8a35df7f6ff3c8c1596-Hl42luq3ad,
2DNzyuSLvIx,Active,5,emma.y.29@yahoo.com,,Emma Y.,had my disbeliefs but works wonders,2024-02-15T00:00:00.000Z,9658540425556,youtube,,true,,,,252ae7c55fa0e8a35df7f6ff3c8c1596-2DNzyuSLvIx,
0fMMZXBqAuW,Active,5,lucas.y.77@outlook.com,https://images.loox.io/uploads/2024/12/1/E1s-SZ8tgV.jpg,Lucas Y.,Have only posted 1 vid and already getting RPM over 1 USD,2024-02-14T00:00:00.000Z,9033053962580,monetized-tiktok-account,,true,,,,252ae7c55fa0e8a35df7f6ff3c8c1596-0fMMZXBqAuW,
V7tGtyhphlv,Active,5,levi.d.60@outlook.com,,Levi D.,got my first payment today,2024-02-13T00:00:00.000Z,9033053962580,monetized-tiktok-account,,true,,,,252ae7c55fa0e8a35df7f6ff3c8c1596-V7tGtyhphlv,
bbDTEVbmXJZ,Active,5,isabella.i.87@yahoo.com,,Isabella I.,got my first payment baby,2024-02-11T00:00:00.000Z,9033053962580,monetized-tiktok-account,,true,,,,252ae7c55fa0e8a35df7f6ff3c8c1596-bbDTEVbmXJZ,
i4tzWckoHkK,Active,5,dylan.x.29@gmail.com,,Dylan X.,evertything good!,2024-02-11T00:00:00.000Z,9658540425556,youtube,,true,,,,252ae7c55fa0e8a35df7f6ff3c8c1596-i4tzWckoHkK,
kBtvNfdn6NS,Active,5,aarav.e.61@outlook.com,,Aarav E.,fells wrong to make more than my teachers,2024-02-10T00:00:00.000Z,9033053962580,monetized-tiktok-account,,true,,,,252ae7c55fa0e8a35df7f6ff3c8c1596-kBtvNfdn6NS,
pu_zwfsDpLt,Active,5,zara.o.17@hotmail.com,,Zara O.,8 days and already earning w the tiktok shop affiliate program,2024-02-09T00:00:00.000Z,9636190388564,tiktok-shop-affiliate-account,,true,,,,252ae7c55fa0e8a35df7f6ff3c8c1596-pu_zwfsDpLt,
j86jpxXWR8e,Active,5,yuki.t.82@hotmail.com,,Yuki T.,"got my first adsense payment, no problems at all",2024-02-08T00:00:00.000Z,9658540425556,youtube,,true,,,,252ae7c55fa0e8a35df7f6ff3c8c1596-j86jpxXWR8e,
'-keQhhQDIoP,Active,5,benjamin.e.28@gmail.com,,Benjamin E.,"made money from my first post, going to buy more when in stock again",2024-02-05T00:00:00.000Z,9658540425556,youtube,,true,,,,252ae7c55fa0e8a35df7f6ff3c8c1596--keQhhQDIoP,
MfjrmlEkv7,Active,5,lucas.r.89@yahoo.com,,Lucas R.,the value is nuts,2024-02-02T00:00:00.000Z,9636190388564,tiktok-shop-affiliate-account,,true,,,,252ae7c55fa0e8a35df7f6ff3c8c1596-MfjrmlEkv7,
EBFTifL_rY,Active,5,mia.r.49@outlook.com,,Mia R.,💰🤝,2024-02-01T00:00:00.000Z,9658540425556,youtube,,true,,,,252ae7c55fa0e8a35df7f6ff3c8c1596-EBFTifL_rY,
cFn-LHC4oa,Active,5,william.v.74@gmail.com,,William V.,"recieved my first money, already covered the price of the account in 2 weeks",2024-02-01T00:00:00.000Z,9033053962580,monetized-tiktok-account,,true,,,,252ae7c55fa0e8a35df7f6ff3c8c1596-cFn-LHC4oa,
7g3YuekAYLj,Active,5,levi.i.87@outlook.com,,Levi I.,perfect,2024-01-31T00:00:00.000Z,9636190388564,tiktok-shop-affiliate-account,,true,,,,252ae7c55fa0e8a35df7f6ff3c8c1596-7g3YuekAYLj,
MEcdNJzNod,Active,5,mateo.k.87@yahoo.com,,Mateo K.,my brainrot yt shorts are fkn printing rn,2024-01-31T00:00:00.000Z,9658540425556,youtube,,true,,,,252ae7c55fa0e8a35df7f6ff3c8c1596-MEcdNJzNod,
OR4o4L-IcJM,Active,5,mia.m.83@yahoo.com,,Mia M.,"lowkey the best investment, fully monetized & organic🔥",2024-01-30T00:00:00.000Z,9636190388564,tiktok-shop-affiliate-account,,true,,,,252ae7c55fa0e8a35df7f6ff3c8c1596-OR4o4L-IcJM,
1d3uwsA5ec,Active,3,olivia.d.86@hotmail.com,,Olivia D.,For some reason the e-sim was not compatible with my phone so I had to contact customer support but they sorted everything for me and helped me install the new one,2024-01-30T00:00:00.000Z,9033053962580,monetized-tiktok-account,,true,,,,252ae7c55fa0e8a35df7f6ff3c8c1596-1d3uwsA5ec,
Hp_-_s4CGKP,Active,5,hana.s.88@yahoo.com,,Hana S.,"they ain't lying, the channel has over 1k REAL subs",2024-01-29T00:00:00.000Z,9658540425556,youtube,,true,,,,252ae7c55fa0e8a35df7f6ff3c8c1596-Hp_-_s4CGKP,
uLQif1_W7Ro,Active,5,isabella.o.92@hotmail.com,,Isabella O.,fr changed my life,2024-01-28T00:00:00.000Z,9636190388564,tiktok-shop-affiliate-account,,true,,,,252ae7c55fa0e8a35df7f6ff3c8c1596-uLQif1_W7Ro,
Qkot-DMt0g,Active,3,ravi.f.84@hotmail.com,,Ravi F.,my channel had some troubles so I contacted the support team but I received another one instead,2024-01-28T00:00:00.000Z,9658540425556,youtube,,true,,,,252ae7c55fa0e8a35df7f6ff3c8c1596-Qkot-DMt0g,
NKGNZXAXG,Active,5,chloe.k.29@hotmail.com,,Chloe K.,got all the shopping addicted girls arround my finger🔥,2024-01-27T00:00:00.000Z,9636190388564,tiktok-shop-affiliate-account,,true,,,,252ae7c55fa0e8a35df7f6ff3c8c1596-NKGNZXAXG,
'-YvRpvJYhAb,Active,5,lucas.l.84@gmail.com,,Lucas L.,only the youtube course is worth every penny 💯,2024-01-26T00:00:00.000Z,9658540425556,youtube,,true,,,,252ae7c55fa0e8a35df7f6ff3c8c1596--YvRpvJYhAb,
WObkIX5ROoP,Active,5,lucas.v.70@hotmail.com,,Lucas V.,my channel is growing like crazy rn 🤑,2024-01-23T00:00:00.000Z,9658540425556,youtube,,true,,,,252ae7c55fa0e8a35df7f6ff3c8c1596-WObkIX5ROoP,
ch-YjUAykKg,Active,5,james.i.63@yahoo.com,,James I.,the course slaps,2024-01-19T00:00:00.000Z,9636190388564,tiktok-shop-affiliate-account,,true,,,,252ae7c55fa0e8a35df7f6ff3c8c1596-ch-YjUAykKg,
Q_j4xxXDPV,Active,5,chloe.n.28@yahoo.com,,Chloe N.,"it's LEGIT. tysm for the channel + youtube course, worth every penny 💯",2024-01-12T00:00:00.000Z,9658540425556,youtube,,true,,,,252ae7c55fa0e8a35df7f6ff3c8c1596-Q_j4xxXDPV,
WXmf_ft1Nx,Active,5,levi.u.58@yahoo.com,,Levi U.,getting rich of people wasting their lives on yt,2024-01-12T00:00:00.000Z,9658540425556,youtube,,true,,,,252ae7c55fa0e8a35df7f6ff3c8c1596-WXmf_ft1Nx,
QhaYTiR3tg,Active,5,olivia.x.89@hotmail.com,,Olivia X.,made a mukbang and got paid + free sushi,2024-01-11T00:00:00.000Z,9033053962580,monetized-tiktok-account,,true,,,,252ae7c55fa0e8a35df7f6ff3c8c1596-QhaYTiR3tg,
t4T35gOdr0D,Active,5,sophia.r.82@yahoo.com,,Sophia R.,"littelary making money yapping about celeb gossip, my dream",2024-01-05T00:00:00.000Z,9033053962580,monetized-tiktok-account,,true,,,,252ae7c55fa0e8a35df7f6ff3c8c1596-t4T35gOdr0D,
6M1FfQIWu34,Active,5,ethan.x.15@outlook.com,,Ethan X.,no problems at all,2024-01-04T00:00:00.000Z,9636190388564,tiktok-shop-affiliate-account,,true,,,,252ae7c55fa0e8a35df7f6ff3c8c1596-6M1FfQIWu34,
LrIbicwrpN,Active,5,sophia.r.95@yahoo.com,,Sophia R.,girls are so easy to sell to it is crazy,2024-01-03T00:00:00.000Z,9636190388564,tiktok-shop-affiliate-account,,true,,,,252ae7c55fa0e8a35df7f6ff3c8c1596-LrIbicwrpN,
wlp1NbzuLP1,Active,5,levi.n.97@yahoo.com,,Levi N.,was worried it was going to be a botted channel but it was not!,2024-01-01T00:00:00.000Z,9658540425556,youtube,,true,,,,252ae7c55fa0e8a35df7f6ff3c8c1596-wlp1NbzuLP1,
JIgh3JRQzXQ,Active,5,emma.z.30@outlook.com,,Emma Z.,was a bit confused on how to install the e-sim but the instalation guide helped me,2024-01-01T00:00:00.000Z,9033053962580,monetized-tiktok-account,,true,,,,252ae7c55fa0e8a35df7f6ff3c8c1596-JIgh3JRQzXQ,
XIjlohW82lT,Active,5,logan_t@australiamail.com,,Logan T.,Absolutely smashing it with this setup! Fast money and easy to use. 🌟,2023-07-03T00:00:00.000Z,9033007366484,monetizable-us-account,,true,,,,252ae7c55fa0e8a35df7f6ff3c8c1596-XIjlohW82lT,
FCfJ1SQU0OK,Active,5,naomi_k@kenyamail.ke,,Naomi K.,"Wow, just wow! Super straightforward and the returns are great! 😍",2023-06-30T00:00:00.000Z,9033007366484,monetizable-us-account,,true,,,,252ae7c55fa0e8a35df7f6ff3c8c1596-FCfJ1SQU0OK,
N6m7pUuct5_,Active,3,felix_z@germanmail.de,,Felix Z.,"Okay, but was expecting quicker results. Will keep it going and see. 🤷",2023-06-27T00:00:00.000Z,9033007366484,monetizable-us-account,,true,,,,252ae7c55fa0e8a35df7f6ff3c8c1596-N6m7pUuct5_,
qjtCbC5GyTx,Active,5,nour_e@egyptmail.com,,Nour E.,Fantastic! Setup was a breeze and the cash is rolling in. Couldn't be happier! 🎉,2023-06-24T00:00:00.000Z,9033007366484,monetizable-us-account,,true,,,,252ae7c55fa0e8a35df7f6ff3c8c1596-qjtCbC5GyTx,
f_vQ9BMIgtJ,Active,5,mila_y@ukrainemail.ua,,Mila Y.,Incredible! The earnings started the same week I set up. Love it! 💖,2023-06-21T00:00:00.000Z,9033007366484,monetizable-us-account,,true,,,,252ae7c55fa0e8a35df7f6ff3c8c1596-f_vQ9BMIgtJ,
Quie3CRy79m,Active,5,liam_f@irelandmail.com,,Liam F.,This is gold! Super easy to use and started earning in no time. 🥇,2023-06-18T00:00:00.000Z,9033007366484,monetizable-us-account,,true,,,,252ae7c55fa0e8a35df7f6ff3c8c1596-Quie3CRy79m,
LMMZn2Zs0-a,Active,4,tessa_r@netherlands.nl,,Tessa R.,"Good product, works well once you get the hang of it. A bit of a learning curve. 🧠",2023-06-15T00:00:00.000Z,9033007366484,monetizable-us-account,,true,,,,252ae7c55fa0e8a35df7f6ff3c8c1596-LMMZn2Zs0-a,
8w5N6ytuoYD,Active,5,eli_m@israelmail.com,,Eli M.,Superb! Didn't expect it to be this good. Very impressed with the quick results. 🌟,2023-06-12T00:00:00.000Z,9033007366484,monetizable-us-account,,true,,,,252ae7c55fa0e8a35df7f6ff3c8c1596-8w5N6ytuoYD,
svXWOiCaNV3,Active,5,sofia_p@portugalmail.com,,Sofia P.,Absolutely brilliant! Money started coming in almost immediately! 🚀,2023-06-09T00:00:00.000Z,9033007366484,monetizable-us-account,,true,,,,252ae7c55fa0e8a35df7f6ff3c8c1596-svXWOiCaNV3,
RcxFTb2_ut6,Active,5,oscar_j@swedenmail.se,,Oscar J.,Killing it! This is legit the easiest money I've ever made. 😎,2023-06-06T00:00:00.000Z,9033007366484,monetizable-us-account,,true,,,,252ae7c55fa0e8a35df7f6ff3c8c1596-RcxFTb2_ut6,
olMft6d3UkC,Active,3,petra_n@czechmail.cz,,Petra N.,Not too bad but slower than expected. Gonna give it more time. 🕒,2023-06-03T00:00:00.000Z,9033007366484,monetizable-us-account,,true,,,,252ae7c55fa0e8a35df7f6ff3c8c1596-olMft6d3UkC,
VTESH8T5CqV,Active,5,xin_l@chinamail.com,,Xin L.,"Excellent service! Super quick setup, now I'm just watching my account grow. 📈",2023-05-31T00:00:00.000Z,9033007366484,monetizable-us-account,,true,,,,252ae7c55fa0e8a35df7f6ff3c8c1596-VTESH8T5CqV,
jtR5gL3IsOs,Active,5,jonah_b@canadapost.com,,Jonah B.,Simply incredible! Easy to get going and the earnings are just as promised. 🌟,2023-05-28T00:00:00.000Z,9033007366484,monetizable-us-account,,true,,,,252ae7c55fa0e8a35df7f6ff3c8c1596-jtR5gL3IsOs,
hLo4K-4zzvn,Active,4,elise_t@francemail.fr,,Elise T.,"Quite good, but needs a bit of patience to start seeing the real money. 🐢",2023-05-25T00:00:00.000Z,9033007366484,monetizable-us-account,,true,,,,252ae7c55fa0e8a35df7f6ff3c8c1596-hLo4K-4zzvn,
ZghIgjNt4E5,Active,5,amir_s@iranmail.com,,Amir S.,Awesome product! Quick setup and even quicker to the money making. 💸,2023-05-22T00:00:00.000Z,9033007366484,monetizable-us-account,,true,,,,252ae7c55fa0e8a35df7f6ff3c8c1596-ZghIgjNt4E5,
JA8SrVESLyW,Active,5,layla_k@japanmail.jp,,Layla K.,Can't believe how easy it was to start making money. Totally worth it! 🎉,2023-05-19T00:00:00.000Z,9033007366484,monetizable-us-account,,true,,,,252ae7c55fa0e8a35df7f6ff3c8c1596-JA8SrVESLyW,
9km1ppNU_Rl,Active,3,ollie_g@ukmail.com,,Ollie G.,"It's alright, expected faster results though. Gonna stick with it a bit longer. 😐",2023-05-16T00:00:00.000Z,9033007366484,monetizable-us-account,,true,,,,252ae7c55fa0e8a35df7f6ff3c8c1596-9km1ppNU_Rl,
_tufhgR6dTV,Active,5,maya_d@indiamail.com,,Maya D.,Amazing! Got everything going so fast and the earnings? Top notch! 🚀,2023-05-13T00:00:00.000Z,9033007366484,monetizable-us-account,,true,,,,252ae7c55fa0e8a35df7f6ff3c8c1596-_tufhgR6dTV,
olKPnnIfpl0,Active,4,lucas_h@brazilmail.com,,Lucas H.,"Good stuff, takes a bit to get it right but after that, it's smooth sailing. 🌊",2023-05-10T00:00:00.000Z,9033007366484,monetizable-us-account,,true,,,,252ae7c55fa0e8a35df7f6ff3c8c1596-olKPnnIfpl0,
jA3QA3yUF2m,Active,5,kyra_n@nzmail.com,,Kyra N.,"Seriously the best move I made! Setup in no time, cash flow is insane! 😍",2023-05-07T00:00:00.000Z,9033007366484,monetizable-us-account,,true,,,,252ae7c55fa0e8a35df7f6ff3c8c1596-jA3QA3yUF2m,
ryDENIxv6a5,Active,5,min_seo_k@koreamail.kr,,Min-Seo K.,🌟🌟🌟🌟🌟 Five stars! Setup was a snap and the earnings are awesome!,2023-05-04T00:00:00.000Z,9033007366484,monetizable-us-account,,true,,,,252ae7c55fa0e8a35df7f6ff3c8c1596-ryDENIxv6a5,
E5Z4makFI-L,Active,5,jaxon_m@canadapost.com,,Jaxon M.,Literally the best! Got it running fast and the profits are rolling in. 👍,2023-05-01T00:00:00.000Z,9033007366484,monetizable-us-account,,true,,,,252ae7c55fa0e8a35df7f6ff3c8c1596-E5Z4makFI-L,
Fdk_Xr3gU1I,Active,5,alejandra_g@mexicomail.com,,Alejandra G.,Super happy! Fast setup and the dough just keeps coming. 😍,2023-04-28T00:00:00.000Z,9033007366484,monetizable-us-account,,true,,,,252ae7c55fa0e8a35df7f6ff3c8c1596-Fdk_Xr3gU1I,
So72kAQ413D,Active,5,sinead_o@irelandmail.com,,Sinead O.,"Wow, just wow! So easy to get going and the money is sweet! 🍯",2023-04-25T00:00:00.000Z,9033007366484,monetizable-us-account,,true,,,,252ae7c55fa0e8a35df7f6ff3c8c1596-So72kAQ413D,
_G13cM63pzG,Active,3,viktor_d@ukrainemail.com,,Viktor D.,"It's alright, nothing too special. Was expecting more. 🙄",2023-04-22T00:00:00.000Z,9033007366484,monetizable-us-account,,true,,,,252ae7c55fa0e8a35df7f6ff3c8c1596-_G13cM63pzG,
Rk8cUXkv4G3,Active,5,ying_l@chinamail.com,,Ying L.,Fantastic! Easy setup and the cash flow started super quick! 🌟,2023-04-19T00:00:00.000Z,9033007366484,monetizable-us-account,,true,,,,252ae7c55fa0e8a35df7f6ff3c8c1596-Rk8cUXkv4G3,
sypKHYKo8hV,Active,4,malak_a@lebanonmail.com,,Malak A.,"Good, but took a bit to get going. Money's alright now. 🤑",2023-04-16T00:00:00.000Z,9033007366484,monetizable-us-account,,true,,,,252ae7c55fa0e8a35df7f6ff3c8c1596-sypKHYKo8hV,
4b7x6GFmVXy,Active,5,jackson_p@australiamail.com,,Jackson P.,"Bro, this is the best! Got hooked up and it’s been $$$ ever since. 😎",2023-04-13T00:00:00.000Z,9033007366484,monetizable-us-account,,true,,,,252ae7c55fa0e8a35df7f6ff3c8c1596-4b7x6GFmVXy,
jA9wUxYIiNM,Active,5,selma_b@turkeymail.com,,Selma B.,A total win! Really impressed with how fast I started earning. 💪,2023-04-10T00:00:00.000Z,9033007366484,monetizable-us-account,,true,,,,252ae7c55fa0e8a35df7f6ff3c8c1596-jA9wUxYIiNM,
V0uhC-HphmK,Active,5,hugo_v@portugalmail.com,,Hugo V.,"Absolutely smashing it! Money keeps coming, no issues at all. 🎉",2023-04-07T00:00:00.000Z,9033007366484,monetizable-us-account,,true,,,,252ae7c55fa0e8a35df7f6ff3c8c1596-V0uhC-HphmK,
ks4ghNDmr2C,Active,5,isabella_c@italymail.com,,Isabella C.,"Fab! Really works like a charm, money started flowing immediately! 🌊",2023-04-04T00:00:00.000Z,9033007366484,monetizable-us-account,,true,,,,252ae7c55fa0e8a35df7f6ff3c8c1596-ks4ghNDmr2C,
n0xzcyrL2w3,Active,3,nate_r@usamail.com,,Nate R.,"Meh, it’s decent. Not as fast on the moolah as I'd like. 😒",2023-04-01T00:00:00.000Z,9033007366484,monetizable-us-account,,true,,,,252ae7c55fa0e8a35df7f6ff3c8c1596-n0xzcyrL2w3,
py7IbufMHTW,Active,5,amira_f@egyptmail.com,,Amira F.,So good! Setup was simple and the returns are fantastic! 😊,2023-03-29T00:00:00.000Z,9033007366484,monetizable-us-account,,true,,,,252ae7c55fa0e8a35df7f6ff3c8c1596-py7IbufMHTW,
QKLlMP--R7O,Active,5,hideo_k@japanmail.jp,,Hideo K.,"Top notch! Fast setup, fast cash. Highly recommend! 👌",2023-03-26T00:00:00.000Z,9033007366484,monetizable-us-account,,true,,,,252ae7c55fa0e8a35df7f6ff3c8c1596-QKLlMP--R7O,
qCuek0W5vWH,Active,4,elena_s@russianmail.ru,,Elena S.,"Works fine, earnings are steady. Took a minute to figure out tho. 🧐",2023-03-23T00:00:00.000Z,9033007366484,monetizable-us-account,,true,,,,252ae7c55fa0e8a35df7f6ff3c8c1596-qCuek0W5vWH,
_aACJKXexUK,Active,5,tariq_n@uaemail.com,,Tariq N.,This is the real deal folks! Started making bucks from day 1! 💰,2023-03-20T00:00:00.000Z,9033007366484,monetizable-us-account,,true,,,,252ae7c55fa0e8a35df7f6ff3c8c1596-_aACJKXexUK,
TI4soZjtd_a,Active,3,freya_j@englandmail.co.uk,,Freya J.,"It's ok, not the cash cow I hoped for tho. 🐄 Need to give it more time maybe.",2023-03-17T00:00:00.000Z,9033007366484,monetizable-us-account,,true,,,,252ae7c55fa0e8a35df7f6ff3c8c1596-TI4soZjtd_a,
T30pV2Gwv-h,Active,5,lucas_q@brazilmail.com.br,,Lucas Q.,Unreal! This account is a money machine! 🤑,2023-03-14T00:00:00.000Z,9033007366484,monetizable-us-account,,true,,,,252ae7c55fa0e8a35df7f6ff3c8c1596-T30pV2Gwv-h,
zRi51Ae8fUF,Active,4,lina_m@colombiamail.com,,Lina M.,"Pretty solid, but had to hustle a bit at the start. Now it's smooth sailing. 😅",2023-03-11T00:00:00.000Z,9033007366484,monetizable-us-account,,true,,,,252ae7c55fa0e8a35df7f6ff3c8c1596-zRi51Ae8fUF,
9PjVWn9QSBj,Active,5,carter_b@canadapost.com,,Carter B.,🚀 Just wow! Setup was a breeze and I’m raking in the cash now. Def worth it!,2023-03-08T00:00:00.000Z,9033007366484,monetizable-us-account,,true,,,,252ae7c55fa0e8a35df7f6ff3c8c1596-9PjVWn9QSBj,
elYaPOzULVd,Active,5,max_a@germanmail.de,,Max A.,"This stuff is legit! Got up and running in no time, making good money. 🤑",2023-03-05T00:00:00.000Z,9033007366484,monetizable-us-account,,true,,,,252ae7c55fa0e8a35df7f6ff3c8c1596-elYaPOzULVd,
dO3b67rCk12,Active,5,benoit_l@frenchmail.fr,,Benoit L.,"This is awesome, super easy to use and money starts flowing right away. 🎉",2023-03-02T00:00:00.000Z,9033007366484,monetizable-us-account,,true,,,,252ae7c55fa0e8a35df7f6ff3c8c1596-dO3b67rCk12,
OdNRFCNdQjo,Active,5,sofia_p@italymail.com,,Sofia P.,"Wow, just wow! Super easy and I’m already seeing the $$. Love it! 😍",2023-02-27T00:00:00.000Z,9033007366484,monetizable-us-account,,true,,,,252ae7c55fa0e8a35df7f6ff3c8c1596-OdNRFCNdQjo,
DW1Aot0webs,Active,3,hana_r@japanmail.jp,,Hana R.,"It's just okay, nothing special. Expected more. 🤨",2023-02-24T00:00:00.000Z,9033007366484,monetizable-us-account,,true,,,,252ae7c55fa0e8a35df7f6ff3c8c1596-DW1Aot0webs,
iT_4Fji8_v4,Active,5,noah_z@israelmail.com,,Noah Z.,A+! Fast to start and money keeps on comin'. Super stoked! 🌟,2023-02-21T00:00:00.000Z,9033007366484,monetizable-us-account,,true,,,,252ae7c55fa0e8a35df7f6ff3c8c1596-iT_4Fji8_v4,
6tWn46VwvMq,Active,4,lars_n@swedenmail.se,,Lars N.,"Pretty decent, earning's good but had to tweak a few things. 🛠️",2023-02-18T00:00:00.000Z,9033007366484,monetizable-us-account,,true,,,,252ae7c55fa0e8a35df7f6ff3c8c1596-6tWn46VwvMq,
5HkB1VpOeUW,Active,5,aya_m@egyptmail.com,,Aya M.,Super happy with it! Got it rolling and it's just been smooth sailing. 💯,2023-02-15T00:00:00.000Z,9033007366484,monetizable-us-account,,true,,,,252ae7c55fa0e8a35df7f6ff3c8c1596-5HkB1VpOeUW,
c40CfT7EwGY,Active,5,chloe_t@englandmail.co.uk,,Chloe T.,Brill! Money started rolling in faster than I expected. Total win! 👍,2023-02-12T00:00:00.000Z,9033007366484,monetizable-us-account,,true,,,,252ae7c55fa0e8a35df7f6ff3c8c1596-c40CfT7EwGY,
sB7lMRnb8us,Active,4,finn_m@irelandmail.com,,Finn M.,"Works fine, but you gotta stay on top of it. Not too shabby tho.",2023-02-09T00:00:00.000Z,9033007366484,monetizable-us-account,,true,,,,252ae7c55fa0e8a35df7f6ff3c8c1596-sB7lMRnb8us,
cXXynfDvWOC,Active,5,ana_s@brazilmail.com.br,,Ana S.,Just wow!! Super easy to get going and the cash don’t stop coming. 😎,2023-02-06T00:00:00.000Z,9033007366484,monetizable-us-account,,true,,,,252ae7c55fa0e8a35df7f6ff3c8c1596-cXXynfDvWOC,
DR6AzCkVRCt,Active,5,priya_r@indiamail.com,,Priya R.,"Absolutely smashing it! Got set up quick, money started flowing in no probs! 🌊",2023-02-03T00:00:00.000Z,9033007366484,monetizable-us-account,,true,,,,252ae7c55fa0e8a35df7f6ff3c8c1596-DR6AzCkVRCt,
bBPFJV09jx_,Active,3,theo_w@greece.com,,Theo W.,"Meh, it’s okayish. Was expecting more bang for my buck. 😒",2023-01-31T00:00:00.000Z,9033007366484,monetizable-us-account,,true,,,,252ae7c55fa0e8a35df7f6ff3c8c1596-bBPFJV09jx_,
FVjPMMeqN3G,Active,5,omar_f@saudimail.com,,Omar F.,Killing it with this! Fast setup and even faster bucks! 🤑,2023-01-28T00:00:00.000Z,9033007366484,monetizable-us-account,,true,,,,252ae7c55fa0e8a35df7f6ff3c8c1596-FVjPMMeqN3G,
8daMTFsf8wN,Active,5,sarah_j@jamaicamail.com,,Sarah J.,This is the real deal! 💸 Setup was a breeze and I'm loving the results!,2023-01-25T00:00:00.000Z,9033007366484,monetizable-us-account,,true,,,,252ae7c55fa0e8a35df7f6ff3c8c1596-8daMTFsf8wN,
yauaZLyscr,Active,4,miguel_n@lisbonmail.com,,Miguel N.,"it's pretty good man, but could be slicker with the instructions.",2023-01-22T00:00:00.000Z,9033007366484,monetizable-us-account,,true,,,,252ae7c55fa0e8a35df7f6ff3c8c1596-yauaZLyscr,
rDAXqilkkO,Active,5,leila_k@iranmail.com,,Leila K.,Best thing ever!!! Started getting $$$ almost right away. 😍,2023-01-19T00:00:00.000Z,9033007366484,monetizable-us-account,,true,,,,252ae7c55fa0e8a35df7f6ff3c8c1596-rDAXqilkkO,
dtH9eqsau0,Active,5,ryan_p@newzealandmail.com,,Ryan P.,"Yo, it's straight up awesome! Fast setup, faster money, can't complain! 🚀",2023-01-16T00:00:00.000Z,9033007366484,monetizable-us-account,,true,,,,252ae7c55fa0e8a35df7f6ff3c8c1596-dtH9eqsau0,
vyuo36uNf6,Active,3,nadia_m@casablanca.com,,Nadia M.,"It's alright, not super fast on the cash flow though. Gotta wait it out. 😬",2023-01-13T00:00:00.000Z,9033007366484,monetizable-us-account,,true,,,,252ae7c55fa0e8a35df7f6ff3c8c1596-vyuo36uNf6,
t6Cz4rwTHa,Active,4,meiling_h@taiwanmail.com,,Mei-Ling H.,Pretty cool but wish it was quicker. 🐢 Still good tho!,2023-01-10T00:00:00.000Z,9033007366484,monetizable-us-account,,true,,,,252ae7c55fa0e8a35df7f6ff3c8c1596-t6Cz4rwTHa,
NgJ98UlgNV,Active,5,jake_e@canadapost.com,,Jake E.,"Dude, this is lit 🔥 got set up in like no time and cash started rollin' in.",2023-01-07T00:00:00.000Z,9033007366484,monetizable-us-account,,true,,,,252ae7c55fa0e8a35df7f6ff3c8c1596-NgJ98UlgNV,
FLMyaAAx40,Active,5,ben_t@australiamail.com,,Ben T.,Brilliant service! Super easy to use and the money is good! 🤑,2023-01-04T00:00:00.000Z,9033007366484,monetizable-us-account,,true,,,,252ae7c55fa0e8a35df7f6ff3c8c1596-FLMyaAAx40,
Pj6pNlkHNi,Active,5,amina_z@moroccomail.ma,,Amina Z.,"Love it!!! Got started with earnings right away, no hassle at all. Super recommend! 💕",2023-01-01T00:00:00.000Z,9033007366484,monetizable-us-account,,true,,,,252ae7c55fa0e8a35df7f6ff3c8c1596-Pj6pNlkHNi,
YNnI5Zh6-i,Active,5,chin_sun_p@koreamail.kr,,Chin-Sun P.,😃 Super quick setup and the earnings started coming in no time!,2022-12-29T00:00:00.000Z,9033007366484,monetizable-us-account,,true,,,,252ae7c55fa0e8a35df7f6ff3c8c1596-YNnI5Zh6-i,
3Ews-56DJS,Active,4,mohamed_f@egyptmail.com,,Mohamed F.,It works well but the tutorial could be better.,2022-12-26T00:00:00.000Z,9033007366484,monetizable-us-account,,true,,,,252ae7c55fa0e8a35df7f6ff3c8c1596-3Ews-56DJS,
7zw8ADwg_-,Active,5,sofia_k@greekmail.com,,Sofia K.,Excellent! Very fast setup and started earning immediately. Great support! 🌟,2022-12-23T00:00:00.000Z,9033007366484,monetizable-us-account,,true,,,,252ae7c55fa0e8a35df7f6ff3c8c1596-7zw8ADwg_-,
_K4iY0Tv_A,Active,5,simon_p@swissmail.com,,Simon P.,Fantastic! Quick monetization and no issues at all. 😎,2022-12-20T00:00:00.000Z,9033007366484,monetizable-us-account,,true,,,,252ae7c55fa0e8a35df7f6ff3c8c1596-_K4iY0Tv_A,
HzoQJtB6Ll,Active,4,lola_b@englandmail.co.uk,,Lola B.,"Quite good, but the setup was a bit confusing at first.",2022-12-17T00:00:00.000Z,9033007366484,monetizable-us-account,,true,,,,252ae7c55fa0e8a35df7f6ff3c8c1596-HzoQJtB6Ll,
eV8oXSCk5A,Active,3,vlad_d@russianmail.ru,,Vlad D.,Not bad but slower than i thoght. Need patience. 🕒,2022-12-14T00:00:00.000Z,9033007366484,monetizable-us-account,,true,,,,252ae7c55fa0e8a35df7f6ff3c8c1596-eV8oXSCk5A,
53esaWb8wY,Active,5,maya_v@belgiummail.be,,Maya V.,"5 stars! Really easy to start making money, super happy with it! 🌟",2022-12-11T00:00:00.000Z,9033007366484,monetizable-us-account,,true,,,,252ae7c55fa0e8a35df7f6ff3c8c1596-53esaWb8wY,
F5CNo-k9n,Active,5,yui_n@japanmail.jp,,Yui N.,Perfecct! 😊 Easy to earn and the setup was a breeze.,2022-12-08T00:00:00.000Z,9033007366484,monetizable-us-account,,true,,,,252ae7c55fa0e8a35df7f6ff3c8c1596-F5CNo-k9n,
OLDApWRchLx,Active,4,tariro_m@zimbabwemail.co.zw,,Tariro M.,It’s good but somtimes the instructions aren't clear.,2022-12-05T00:00:00.000Z,9033007366484,monetizable-us-account,,true,,,,252ae7c55fa0e8a35df7f6ff3c8c1596-OLDApWRchLx,
tjgpw4Z9NUD,Active,5,carlos_p@spainmail.es,,Carlos P.,"Amazing service, got monetized super quikly! Love it! 💸",2022-12-02T00:00:00.000Z,9033007366484,monetizable-us-account,,true,,,,252ae7c55fa0e8a35df7f6ff3c8c1596-tjgpw4Z9NUD,
5oBOuhSfsta,Active,5,hafsa_w@kenyamail.ke,,Hafsa W.,Truly impressiv! Quick money and easy to use. 🙌,2022-11-29T00:00:00.000Z,9033007366484,monetizable-us-account,,true,,,,252ae7c55fa0e8a35df7f6ff3c8c1596-5oBOuhSfsta,
POLnfz_TspY,Active,5,oceane_f@frenchmail.fr,,Océane F.,Incredible! Started to earn money within days! 👍,2022-11-26T00:00:00.000Z,9033007366484,monetizable-us-account,,true,,,,252ae7c55fa0e8a35df7f6ff3c8c1596-POLnfz_TspY,
6_9XNslmqcl,Active,5,lukas_j@czechmail.cz,,Lukas J.,5 stars all the way! 🌟 Super fast to set up and start erning.,2022-11-24T00:00:00.000Z,9033007366484,monetizable-us-account,,true,,,,252ae7c55fa0e8a35df7f6ff3c8c1596-6_9XNslmqcl,
jlB9Lc9nX4I,Active,4,anika_d@indiamail.com,,Anika D.,"Good product, but need better customer service.",2022-11-21T00:00:00.000Z,9033007366484,monetizable-us-account,,true,,,,252ae7c55fa0e8a35df7f6ff3c8c1596-jlB9Lc9nX4I,
DKQxqmESng4,Active,3,muna_a@naijamail.ng,,Muna A.,"average experiance, not as quik as i hoped 😕",2022-11-18T00:00:00.000Z,9033007366484,monetizable-us-account,,true,,,,252ae7c55fa0e8a35df7f6ff3c8c1596-DKQxqmESng4,
n1VTkvYi6rU,Active,5,thorsten_m@deutschmail.de,,Thorsten M.,"Perfekt for making money, very fast and easy! 👌",2022-11-15T00:00:00.000Z,9033007366484,monetizable-us-account,,true,,,,252ae7c55fa0e8a35df7f6ff3c8c1596-n1VTkvYi6rU,
joGV1GvFD2n,Active,5,gabriela_c@brazmail.com.br,,Gabriela C.,Totaly worth it! I was monetized in no time! Great stuff! 🌟,2022-11-12T00:00:00.000Z,9033007366484,monetizable-us-account,,true,,,,252ae7c55fa0e8a35df7f6ff3c8c1596-joGV1GvFD2n,
X2H0SkUIp6f,Active,4,declan.q@irelandmail.com,,Declan Q.,its good but sumtimes it gets confusing 🤔,2022-11-10T00:00:00.000Z,9033007366484,monetizable-us-account,,true,,,,252ae7c55fa0e8a35df7f6ff3c8c1596-X2H0SkUIp6f,
0xvyNQUV52K,Active,5,eunji_k@koreamail.kr,,Eun-Ji K.,Best evr! Started earning super fast and the support is amzing! 🚀,2022-11-07T00:00:00.000Z,9033007366484,monetizable-us-account,,true,,,,252ae7c55fa0e8a35df7f6ff3c8c1596-0xvyNQUV52K,
1SZdEvfNflQ,Active,3,rafiq_h@pakistanmail.pk,,Rafiq H.,it's ok but i expected faster results 🤷,2022-11-04T00:00:00.000Z,9033007366484,monetizable-us-account,,true,,,,252ae7c55fa0e8a35df7f6ff3c8c1596-1SZdEvfNflQ,
gM46NI68bA1,Active,5,isla_g@scotmail.com,,Isla G.,Absolutely love it! 😍 Quick setup and I started making $$ right away.,2022-11-01T00:00:00.000Z,9033007366484,monetizable-us-account,,true,,,,252ae7c55fa0e8a35df7f6ff3c8c1596-gM46NI68bA1,
RbjN0J0Rc3y,Active,4,oliver_t@ukmail.com,,Oliver T.,"Solid product, but expected more support from customer service.",2022-10-23T00:00:00.000Z,9033007366484,monetizable-us-account,,true,,,,252ae7c55fa0e8a35df7f6ff3c8c1596-RbjN0J0Rc3y,
AMGPjKP24Ch,Active,5,leticia_p@brazilmail.com.br,,Leticia P.,Truly impressive! Easy setup and consistent earnings. 😃,2022-10-20T00:00:00.000Z,9033007366484,monetizable-us-account,,true,,,,252ae7c55fa0e8a35df7f6ff3c8c1596-AMGPjKP24Ch,
CGfqAafhXKl,Active,3,dmitri_v@russianmail.ru,,Dmitri V.,"Average, not as quick as advertised.",2022-10-18T00:00:00.000Z,9033007366484,monetizable-us-account,,true,,,,252ae7c55fa0e8a35df7f6ff3c8c1596-CGfqAafhXKl,
QC2Yk3WBkxu,Active,5,lucia_m@italymail.com,,Lucia M.,A game changer! Earnings started almost immediately.,2022-10-16T00:00:00.000Z,9033007366484,monetizable-us-account,,true,,,,252ae7c55fa0e8a35df7f6ff3c8c1596-QC2Yk3WBkxu,
eUtIGJnNsAX,Active,4,finley_w@scotlandmail.com,,Finley W.,"Good, but could be better with more detailed guides.",2022-10-12T00:00:00.000Z,9033007366484,monetizable-us-account,,true,,,,252ae7c55fa0e8a35df7f6ff3c8c1596-eUtIGJnNsAX,
n3My1sou-dj,Active,5,zara_i@egyptmail.com,,Zara I.,Excellent platform! Got monetized super fast and earning smoothly.,2022-10-10T00:00:00.000Z,9033007366484,monetizable-us-account,,true,,,,252ae7c55fa0e8a35df7f6ff3c8c1596-n3My1sou-dj,
_-S2wafWT0F,Active,5,nora_e@norwaymail.no,,Nora E.,😍 Love it! The account works perfectly and earns well.,2022-10-07T00:00:00.000Z,9033007366484,monetizable-us-account,,true,,,,252ae7c55fa0e8a35df7f6ff3c8c1596-_-S2wafWT0F,
lOzbj67IlOt,Active,4,gustav_h@germanmail.de,,Gustav H.,"It's alright, but there’s room for improvement.",2022-10-02T00:00:00.000Z,9033007366484,monetizable-us-account,,true,,,,252ae7c55fa0e8a35df7f6ff3c8c1596-lOzbj67IlOt,
UwkzEhVFaPV,Active,3,mei_f@chinamail.cn,,Mei F.,Not too bad but not what was promised. Slow start.,2022-09-28T00:00:00.000Z,9033007366484,monetizable-us-account,,true,,,,252ae7c55fa0e8a35df7f6ff3c8c1596-UwkzEhVFaPV,
Twk1DR1x-Bp,Active,5,chioma_d@lagosmail.com,,Chioma D.,Love it! Started earning in no time. Great service.,2022-09-25T00:00:00.000Z,9033007366484,monetizable-us-account,,true,,,,252ae7c55fa0e8a35df7f6ff3c8c1596-Twk1DR1x-Bp,
rtyFE5TG4Q3,Active,5,soren_l@denmarkmail.dk,,Soren L.,Fantastic! Very happy with the quick earnings.,2022-09-20T00:00:00.000Z,9033007366484,monetizable-us-account,,true,,,,252ae7c55fa0e8a35df7f6ff3c8c1596-rtyFE5TG4Q3,
ta3iBypXlBg,Active,5,linnea_a@swedenmail.se,,Linnea A.,Super! Easy to earn and very quick setup. 👍,2022-09-18T00:00:00.000Z,9033007366484,monetizable-us-account,,true,,,,252ae7c55fa0e8a35df7f6ff3c8c1596-ta3iBypXlBg,
gmpqy_aaTDR,Active,4,arjun_k@indiamail.com,,Arjun K.,Good enough but expected faster results.,2022-09-15T00:00:00.000Z,9033007366484,monetizable-us-account,,true,,,,252ae7c55fa0e8a35df7f6ff3c8c1596-gmpqy_aaTDR,
ffFZ5SBIWb_,Active,5,uche_n@nigeriamail.com,,Uche N.,Best decision I made! Money started rolling in quick.,2022-09-10T00:00:00.000Z,9033007366484,monetizable-us-account,,true,,,,252ae7c55fa0e8a35df7f6ff3c8c1596-ffFZ5SBIWb_,
XBDaNjI3fu3,Active,5,akane_t@tokyomail.jp,,Akane T.,Absolutely brilliant! 💰 Fast setup and easy money.,2022-09-05T00:00:00.000Z,9033007366484,monetizable-us-account,,true,,,,252ae7c55fa0e8a35df7f6ff3c8c1596-XBDaNjI3fu3,
63sFIfoWErV,Active,4,marisol_v@spanishmail.com,,Marisol V.,Pretty good but wanted more features.,2022-09-01T00:00:00.000Z,9033007366484,monetizable-us-account,,true,,,,252ae7c55fa0e8a35df7f6ff3c8c1596-63sFIfoWErV,
22VGnB_SRy,Active,5,joao_f@portugalmail.com,,João F.,🌟🌟🌟🌟🌟 Five stars! Making money faster than ever!,2022-08-30T00:00:00.000Z,9033007366484,monetizable-us-account,,true,,,,252ae7c55fa0e8a35df7f6ff3c8c1596-22VGnB_SRy,
xWAgMnLrZg,Active,4,chee_soo@kmail.com,,Chee S.,"Good, but need more instructions on how to use better.",2022-08-22T00:00:00.000Z,9033007366484,monetizable-us-account,,true,,,,252ae7c55fa0e8a35df7f6ff3c8c1596-xWAgMnLrZg,
NWh7tYFwp2,Active,3,helena_biz@fakemail.com,,Helena B.,it’s okay but not what i expected. Too slow to earn 😕,2022-08-20T00:00:00.000Z,9033007366484,monetizable-us-account,,true,,,,252ae7c55fa0e8a35df7f6ff3c8c1596-NWh7tYFwp2,
ufwyzkvbem,Active,5,tomas_r@webmail.com,,Tomas R.,Super happy 😊 Quick monetization and very easy to use!,2022-08-15T00:00:00.000Z,9033007366484,monetizable-us-account,,true,,,,252ae7c55fa0e8a35df7f6ff3c8c1596-ufwyzkvbem,
ydDhxMeyBF,Active,5,sukitanaka@japanmail.jp,,Suki T.,Perfect! I started earning faster than i thought possible!!,2022-04-10T00:00:00.000Z,9033007366484,monetizable-us-account,,true,,,,252ae7c55fa0e8a35df7f6ff3c8c1596-ydDhxMeyBF,
i0heMSYwEl,Active,5,piotr_z@onet.pl,,Piotr Z.,Superb! Earning money in just 2 weeks.,2022-03-15T00:00:00.000Z,9033007366484,monetizable-us-account,,true,,,,252ae7c55fa0e8a35df7f6ff3c8c1596-i0heMSYwEl,
cPWTOng7Uu,Active,5,e.okeke@randommail.com,,Emeka O.,"Fast setup, started earning in no time. Highly recomended!",2022-03-05T00:00:00.000Z,9033007366484,monetizable-us-account,,true,,,,252ae7c55fa0e8a35df7f6ff3c8c1596-cPWTOng7Uu,
6qal5aXCm0,Active,5,amadou_b@fakemail.com,,Amadou B.,"I love it, very quick to setup and start making money.",2022-02-25T00:00:00.000Z,9033007366484,monetizable-us-account,,true,,,,252ae7c55fa0e8a35df7f6ff3c8c1596-6qal5aXCm0,
n1-OHaD7yI,Active,4,flora.m@gmail.com,,Flora M.,It's great but needs clearer instrctions for beginners.,2022-02-17T00:00:00.000Z,9033007366484,monetizable-us-account,,true,,,,252ae7c55fa0e8a35df7f6ff3c8c1596-n1-OHaD7yI,
i3McLPRzLH,Active,4,maria87@example.com,,Maria S.,"Really good, but could do with more guidance on how to start earning.",2022-02-09T00:00:00.000Z,9033007366484,monetizable-us-account,,true,,,,252ae7c55fa0e8a35df7f6ff3c8c1596-i3McLPRzLH,
eSJ7fd38EN,Active,4,caityn@irelandmail.com,,Caitríona N.,good service but took a bit longer then expcted to start earning.,2022-01-29T00:00:00.000Z,9033007366484,monetizable-us-account,,true,,,,252ae7c55fa0e8a35df7f6ff3c8c1596-eSJ7fd38EN,
kXPJnRGtvT,Active,5,jihoonlee@fakemail.com,,Jihoon L.,awsome service! got everything setup real quick.,2022-01-22T00:00:00.000Z,9033007366484,monetizable-us-account,,true,,,,252ae7c55fa0e8a35df7f6ff3c8c1596-kXPJnRGtvT,
7MAfJPyizs,Active,5,youssef.ali@cairo.com,,Youssef A.,"The best decision ever, very efective and easy to use!",2022-01-20T00:00:00.000Z,9033007366484,monetizable-us-account,,true,,,,252ae7c55fa0e8a35df7f6ff3c8c1596-7MAfJPyizs,
ce_1-WvRCV,Active,5,alexd@mail.com,,Alex D.,"Got monetized in 3 weeks using this account, great product and fast delivery",2022-01-15T00:00:00.000Z,9033007366484,monetizable-us-account,,true,,,,252ae7c55fa0e8a35df7f6ff3c8c1596-ce_1-WvRCV,
Zx6oOaM5O,Rejected,1,mvgdigitalmarketing@gmail.com,https://images.loox.io/uploads/2024/10/11/MMnG9Ey5p.jpg,Mark G.,"Refund and Replacement policy is not true!

I bought a US Tiktok Account and had login issues.

They provided the gmail account and the tiktok logins. But unfortunately there is a gmail verification, which will send a code to the recovery gmail or phone number which they didn't provide upon purchase!

I tried to contact them a million times provided them videos and screenshots and they replied only ONCE! NO explanation, support, whatsover! I received the nonsense 1 reply from Leo Grundström!

DO NOT BUY! SUPPORT SUCKS SO BAD! REPLACEMENT AND REFUND POLICY IS NOT TRUE AT ALL!",2024-10-11T01:06:22.298Z,9033007366484,us-tiktok-account,,true,6052348395860,,,252ae7c55fa0e8a35df7f6ff3c8c1596-Zx6oOaM5O,true
ioHCoNwCR,Rejected,1,mhaffiliate2023@gmail.com,"https://images.loox.io/uploads/2024/9/14/LlvGKrjxS.jpg,https://images.loox.io/uploads/2024/9/14/TLVzGRZUN.jpg,https://images.loox.io/uploads/2024/9/14/InmjndUwb.jpg",Melinda H.,"Pls SAVE YOUR MONEY and DO NOT Buy it from them!!! SCAM… 
1. Sim card isn’t working - no cell reception, no phone number however after multiple emails they said use VPN (one person said it’s ok, other guy said not ok) 

2. 5000+ organic US based followers is a big LIE no US followers- i got pakistan 
TIKTOK account with pakistan followers

3. TikTok Shop itself isn’t available as it’s a Pakistan account- so any product you try to promote its not available in your country…. 
I emailed them and thankfully received a second account which: 
-TikTok Shop was completely SUSPENDED when I first opened it… one of the post was against their policy- and I can’t even appeal as the video no longer exists 

4. I didn’t receive much help from them at this point it’s been couple of weeks without any response 
ITS A SCAM!!  Save yourself your money!!! ",2024-09-14T11:14:43.317Z,9636190388564,tiktok-shop-affiliate-account,,true,6212196827476,,,252ae7c55fa0e8a35df7f6ff3c8c1596-ioHCoNwCR,true
jtINSbKEU,Rejected,1,thesheepspower@gmail.com,https://images.loox.io/uploads/2024/9/6/r_AVKtSh_.jpg,Lorenzo P.,"The account is trash, the followers are completely botted and the account can’t perform well because of the botted followers, I definitely want a refund!",2024-09-06T10:41:19.139Z,9033053962580,monetized-tiktok-account,,true,6244007706964,,,252ae7c55fa0e8a35df7f6ff3c8c1596-jtINSbKEU,true
wxp4r-LfC1,Rejected,5,Alvinlindberg8@gmail.com,https://images.loox.io/uploads/2024/9/5/SUG8fEpku.jpg,Elie E.,"Account works and delivered quickly, monitezed right out of the bpx💯 ",2024-09-05T19:08:24.260Z,9033053962580,monetized-tiktok-account,,,,,,252ae7c55fa0e8a35df7f6ff3c8c1596-wxp4r-LfC1,true
dxdVQ6ZBP,Rejected,1,hengist1@gmail.com,,David W.,"First off the TikTok account I purchased was supposed to be a US account. But it's not. So I can't even connect a US TikTok Shop to it. It's a UK registered account. So it's useless to me. 
Second the company does not respond to emails or text messages. 
I do NOT recommend this service.",2024-08-20T23:47:42.592Z,9033053962580,monetized-tiktok-account,,true,6243988046164,,,252ae7c55fa0e8a35df7f6ff3c8c1596-dxdVQ6ZBP,
8nB4rm5CU,Rejected,1,carlboi011@gmail.com,,Carl B.,Can I get a refund because my phone can’t use E-sim,2024-08-20T12:59:00.941Z,9033053962580,monetized-tiktok-account,,true,6246452363604,,,252ae7c55fa0e8a35df7f6ff3c8c1596-8nB4rm5CU,
qszvzpxUN,Rejected,1,benlodge5@gmail.com,,Ben L.,"Never received my account. 
Scam",2024-08-20T06:53:15.739Z,9636190388564,tiktok-shop-affiliate-account,,true,6248813920596,,,252ae7c55fa0e8a35df7f6ff3c8c1596-qszvzpxUN,
0v4TlWyEP,Rejected,1,alan.rowell28@gmail.com,,Alan R.,"280 dollars for something not as described and doesn't work, waiting on chargeback from bank.",2024-08-20T03:13:01.311Z,9636190388564,tiktok-shop-affiliate-account,,true,6212129030484,,,252ae7c55fa0e8a35df7f6ff3c8c1596-0v4TlWyEP,
nRXBHTc-3,Rejected,1,twerlau2@icloud.com,,Tristan w.,Got the wrong account tried contacting support but they just read my messages and don't respond.,2024-08-20T01:33:50.218Z,9033053962580,monetized-tiktok-account,,true,6200484790612,,,252ae7c55fa0e8a35df7f6ff3c8c1596-nRXBHTc-3,
K45Vvavvg,Rejected,1,yeniefall@hotmail.com,,mayenie j.,"I paid for a usa ones and got a uk.one
I m very  upset I ve been trying to get a hold of them it has been 48 hours still nothing",2024-08-19T23:59:12.549Z,9033053962580,monetized-tiktok-account,,true,6248177566036,,,252ae7c55fa0e8a35df7f6ff3c8c1596-K45Vvavvg,
a8-8lUoXq,Rejected,1,opeen.mail@gmail.com,,Luis P.,Alert are scam the account is not working in US ,2024-08-12T03:42:54.363Z,9033053962580,monetized-tiktok-account,,true,6197860008276,,,252ae7c55fa0e8a35df7f6ff3c8c1596-a8-8lUoXq,
Y4Q54M9h0,Rejected,1,wsmarcot@gmail.com,,william m.,A week of having the account it got suspended from the crp because of fake followers. I contacted them and will change my review if I get a replacement.,2024-08-11T22:20:53.936Z,9033053962580,monetized-tiktok-account,,true,6183292305748,,,252ae7c55fa0e8a35df7f6ff3c8c1596-Y4Q54M9h0,
kWitLpDEg,Rejected,1,matthewgkrupp@gmail.com,"https://images.loox.io/uploads/2024/8/11/jYFjw2ddl.jpg,https://images.loox.io/uploads/2024/8/11/3_gD6CCoGk.jpg,https://images.loox.io/uploads/2024/8/11/nknrG6iLt.jpg",Matthew K.,"Fake Followers, Fake Engagement; So Even Real Views Are Disqualified. Account Originates In Pakistan And Has United Kingdom Locked As The Local Currency For 60 Days. All in All - This Was A Waste Of Money",2024-08-11T03:07:24.162Z,9033053962580,monetized-tiktok-account,,true,6185514664276,,,252ae7c55fa0e8a35df7f6ff3c8c1596-kWitLpDEg,true
jIAvHAIzK,Rejected,1,qahus5572@gmail.com,,Qais H.,was all good for a couple of days untill I was kicked off the greater reward program for videos that were previously uploaded by the people behind this. when.i tried ro cintact them in the email that they provided they just ignored me so currently my account is not making anything.,2024-08-10T19:31:52.761Z,9033053962580,monetized-tiktok-account,,true,6184102560084,,,252ae7c55fa0e8a35df7f6ff3c8c1596-jIAvHAIzK,
IIZcghR8g,Rejected,2,sulaymanbajwa68@gmail.com,,Sulayman B.,Very bad… my account got disqualified within a week,2024-08-10T19:28:28.388Z,9033053962580,monetized-tiktok-account,,true,6194726699348,,,252ae7c55fa0e8a35df7f6ff3c8c1596-IIZcghR8g,
LzWwlhbnK,Rejected,1,deniz@oceanchild.shop,,Asli B.,Horrible horrible horrible customer servics,2024-08-10T19:28:28.249Z,9033053962580,monetized-crp-account,1 Accounts,true,6167642308948,,,252ae7c55fa0e8a35df7f6ff3c8c1596-LzWwlhbnK,
XOPTNrjqx,Rejected,1,amooory525@gmail.com,https://images.loox.io/uploads/2024/7/12/pckuFJBix.jpg,mo Y.,"I am experiencing difficulty logging in with the email address you provided. Despite sending multiple inquiries, the responses I have received have been unclear, and ultimately, I have not received any further communication.

Thank you.",2024-07-12T09:53:10.580Z,9033007366484,us-tiktok-account,,true,6162524176724,,,252ae7c55fa0e8a35df7f6ff3c8c1596-XOPTNrjqx,true
NF-acyq6u,Rejected,1,robert_parge@yahoo.com,,Robert P.,"The account is unstable and high risky to use since you don't have access to GMAIL, it's completely BS ",2024-07-12T09:25:03.168Z,9033007366484,us-tiktok-account,,true,6156265029972,,,252ae7c55fa0e8a35df7f6ff3c8c1596-NF-acyq6u,
o0XGhQcGR,Rejected,1,thornton4909@gmail.com,,Jacob T.,Location keeps changing to UAE ,2024-07-12T07:30:02.745Z,9033007366484,us-tiktok-account,,true,6143539609940,,,252ae7c55fa0e8a35df7f6ff3c8c1596-o0XGhQcGR,
A8EcQYD93,Rejected,1,pod89706@gmail.com,,Keven S.,"It has been so difficult getting in contact with customer service, it’s crazy. I’ve given up at this point. Nobody gets back to me and I had one person get back to me after 4 days and never got a response back. I’ve been scammed of my money. Learned my lesson",2024-07-11T22:06:31.827Z,9033007366484,us-tiktok-account,,true,6139811266900,,,252ae7c55fa0e8a35df7f6ff3c8c1596-A8EcQYD93,
7frQkuULz,Rejected,1,kmgramlich@gmail.com,,Kris .,"Account had 0 followers and after creating 4 posts, it was disqualified from the Creator Rewards Program.  I contacted support numerous times to take advantage of their 30 day money back guarantee but never got a response.  Save your money.",2024-07-10T12:08:39.281Z,9033007366484,us-tiktok-account,,,,,,252ae7c55fa0e8a35df7f6ff3c8c1596-7frQkuULz,
ltWlyhZ4f,Rejected,1,duncombegeneal@gmail.com,,Nelly  D.,Fake,2024-07-07T21:59:25.130Z,9033007366484,us-tiktok-account,,,,,,252ae7c55fa0e8a35df7f6ff3c8c1596-ltWlyhZ4f,
dqzCHASvU,Rejected,1,keybo9@hotmail.com,,James S.,"Fucking terrible! I wanted a refund since the next page was to buy something for another $250!!! 

No refund, barely a response, your services are misleading and fraudulent. ",2024-06-11T22:51:11.336Z,9033007366484,us-tiktok-account,,true,6091490361684,,,252ae7c55fa0e8a35df7f6ff3c8c1596-dqzCHASvU,
kldsCwDBb,Rejected,1,adam.d.freelancer@gmail.com,,Adam D.,"Trash, fake review posted after purchasing. No support.

Do not buy!!",2024-06-11T22:13:41.866Z,9033007366484,us-tiktok-account,1 Account,true,6106591494484,,,252ae7c55fa0e8a35df7f6ff3c8c1596-kldsCwDBb,
FJQ633fXj,Rejected,1,sonia4145@hotmail.com,,Sonia H.,"Terrible customer service. If I can give zero stars, I would! I was trying to contact the customer support via live chat, email, even WhatsApp, but all to no avail. Eventually, I had to go through the bank and have them dispute the payment. Terrible! Wouldn't recommend at all!",2024-06-11T21:39:07.885Z,9033007366484,us-tiktok-account,,true,6101723382100,,,252ae7c55fa0e8a35df7f6ff3c8c1596-FJQ633fXj,
mFRDQLSQa,Rejected,1,kfakrogha@gmail.com,,Kingsley F.,I want a refund ,2024-06-11T19:57:47.574Z,9033007366484,us-tiktok-account,1 Account,true,6118385385812,,,252ae7c55fa0e8a35df7f6ff3c8c1596-mFRDQLSQa,
ZCHG80EAKn,Rejected,1,underwoodkaden3@gmail.com,,Kaden U.,This is a scam I odered a 320$ account it was disabled and I never got my refund @underwoodkaden3@gmail you guys never responded back to me after days and you will continue not to till the 14 day warranty is over. Do not buy,2024-06-05T01:55:08.047Z,9033053962580,monetized-crp-account,,,,,,252ae7c55fa0e8a35df7f6ff3c8c1596-ZCHG80EAKn,
RiKMo88ON,Rejected,1,bb.freal.ac@gmail.com,https://images.loox.io/uploads/2024/5/22/GEe6sCrmb.jpg,Bob R.,"I need to use VPN to log in but he said ""if u use VPN u will get shadowbanned"" I don't wanna curse this guy",2024-05-22T14:31:13.543Z,9033007366484,us-tiktok-account,,,,,,252ae7c55fa0e8a35df7f6ff3c8c1596-RiKMo88ON,true
ApBGv2qAe,Rejected,5,ranjablbas03@gmail.comgsgdvdv,https://images.loox.io/uploads/2024/5/11/WaJ1S9Jcd.jpg,ranj.54 t.,tiktok.com/@ranj.54,2024-05-11T11:01:31.236Z,9033053962580,monetized-crp-account,,,,,,252ae7c55fa0e8a35df7f6ff3c8c1596-ApBGv2qAe,true
OzSqbrZPr,Rejected,5,craterobert49@gmail.com,"https://images.loox.io/uploads/2024/5/10/3hAC-QgaU.jpg,https://images.loox.io/uploads/2024/5/10/KNkkNuFid.jpg,https://images.loox.io/uploads/2024/5/10/xLElqKKOu.jpg,https://images.loox.io/uploads/2024/5/10/Av_8KDwEJY.jpg",Robert  C.,AI PLATFORM BUSINESS CREATOR AFFILIATED LINKED CAMPAIGNS EMAILVIRAL MARKETING INSIGHTS BRAND INSPIRATION SHOPIFYPLUS WINTER EDTIONS CREATOR DEVELOPMENT TICTOK ORGANIC LIVEWALLPAPER MINT MINING CYRPTO COINS TOKENIZATION AVTARS 3DCOPY GENERATED LIVEWALLPAPER ARTIFICIAL INTELLIGENCE ALCOHOL INKS LIVEWALLPAPER NFT LIQUIDGOLD W3 BLOCKCHAIN BLOCKCHAIR CHAINLINKS ANTIBOTS MAINTENANCE CHECK BOT TOOLBOT MAGNETBOT SALES ,2024-05-10T11:53:40.994Z,9033007366484,us-tiktok-account,,,,,,252ae7c55fa0e8a35df7f6ff3c8c1596-OzSqbrZPr,true
tSTflvqL_,Rejected,5,usad5830@gmail.com,https://images.loox.io/uploads/2024/5/10/wCSXXojRJ.jpg,Asad U.,S,2024-05-10T03:59:17.569Z,9033053962580,monetized-crp-account,,,,,,252ae7c55fa0e8a35df7f6ff3c8c1596-tSTflvqL_,true
HTrgR5-WY,Rejected,1,zitogiuliano2022@gmail.com,,Giuliano Z.,"The account is shadowbanned, even thou i made eyerything what you said i have to. i want my money back",2024-04-28T20:59:43.598Z,9033007366484,us-tiktok-account,,true,6048573030740,,,252ae7c55fa0e8a35df7f6ff3c8c1596-HTrgR5-WY,
b-Fqziv6P,Rejected,1,muhammeduzairmusa@gmail.com,,Muhammed Uzair M.,Support is terrible I don't get replies,2024-04-26T09:10:51.051Z,9033007366484,us-tiktok-account,,true,6048560742740,,,252ae7c55fa0e8a35df7f6ff3c8c1596-b-Fqziv6P,
ZeB2gedh3,Rejected,1,slippers.live@gmail.com,,Xzavyer G.,"THEY DO NOT REPLY TO EMAILS I NEED MY REFUND ON THE ACCOUNTS NOW
",2024-04-25T21:07:49.172Z,9033053962580,monetized-crp-account,,,,,,252ae7c55fa0e8a35df7f6ff3c8c1596-ZeB2gedh3,
vnGbEjXgX,Rejected,1,slippers.live@gmail.com,,Xzavyer G.,YALL DONT REPLY TO EMAIL SUPPORT ,2024-04-24T19:12:32.525Z,9033007366484,us-tiktok-account,,true,6046543610196,,,252ae7c55fa0e8a35df7f6ff3c8c1596-vnGbEjXgX,
Wjo6aXKIwQ,Rejected,1,yassin.koumait@gmail.com,https://images.loox.io/uploads/2024/4/23/jJknkHUWGd.jpg,yassine k.,"my accounts does not work, i trued uploading content to it (reddit sotrys and i have followd the steps of howtoai youtube video) and it didnt work, i even tryed to share my page to my friend and it didnt show up to him, i hsve a problem with thid, and i feel i got scammed, why is i have this problem???",2024-04-23T22:33:53.554Z,9033007366484,us-tiktok-account,,true,6044936700244,,,252ae7c55fa0e8a35df7f6ff3c8c1596-Wjo6aXKIwQ,true
0oS46HtEq,Rejected,1,gabriel.inreiter@icloud.com,,Gabriel I.,"I wanted to change the Email at the Account I got and the Username etc. then I could not change anything, today I got the Message that the Account got banned. ",2024-04-22T19:04:14.297Z,9033007366484,us-tiktok-account,,true,6043814560084,,,252ae7c55fa0e8a35df7f6ff3c8c1596-0oS46HtEq,
A3635L8In,Rejected,1,tommasobracaletti@gmail.com,,Francesca C.,"hi, I ordered 4 accounts for the price of two but I only received one. Could you help me receive the other 3? If you can help me I will leave you a positive review and I will order more.",2024-04-22T14:01:00.372Z,9033007366484,us-tiktok-account,,true,6043643707732,,,252ae7c55fa0e8a35df7f6ff3c8c1596-A3635L8In,
